_id,kcore
9200,2
6400,2
18500,1
81100,1
283300,1
204100,2
172600,1
381600,2
416700,1
358300,1
172900,1
88400,1
439200,1
390700,2
81800,1
222600,9
208700,1
283600,2
241200,1
450100,1
477800,1
52400,1
307400,1
472200,1
365700,1
360900,1
477100,1
19800,1
402600,2
223400,1
154200,2
318200,9
92100,1
250100,2
356800,4
57800,1
415800,2
407900,1
269000,1
218700,1
383200,1
488900,1
161300,1
51700,8
445500,1
340600,1
229700,1
443500,1
256200,6
456800,1
176500,15
350400,1
456500,1
1500,2
67200,1
435400,2
206600,1
391800,2
464500,14
278400,1
199000,1
410600,3
320300,1
452600,1
168200,1
91500,1
360800,10
96600,1
63100,1
146400,2
97700,2
278500,13
152700,2
205700,1
209900,1
471200,4
57300,6
205400,8
76200,2
340500,2
326500,1
330200,1
324900,1
455700,1
111200,2
293600,1
483000,1
201400,1
46800,2
104600,2
328500,1
26900,1
346100,1
457300,2
296800,2
329100,1
394600,1
36200,1
484200,65
403600,5
95900,1
102900,1
33600,2
379200,1
282500,1
399500,1
327700,1
478700,1
280700,1
335800,2
132800,1
311100,2
238300,16
417900,1
433800,1
112300,3
72200,1
383300,1
259600,5
403400,3
1800,1
40100,1
126600,1
286000,1
29600,2
69900,1
173800,1
184300,2
29000,1
214000,6
139100,2
62300,1
287800,1
175300,1
3700,1
161200,1
182300,1
202600,1
396700,1
395800,1
377800,1
166400,1
272400,2
256400,1
374300,2
163100,2
350100,2
63000,1
457400,6
162200,2
190900,1
347700,1
49200,1
108400,1
37500,2
391300,2
332600,1
344300,4
381400,1
294100,1
1300,1
239800,1
102500,1
197400,1
172400,1
430700,2
246800,1
340000,1
49500,1
462900,1
405600,5
166700,1
345700,2
113200,2
37600,4
397400,1
99800,2
266800,1
67900,1
365300,3
36700,2
385900,1
2200,1
201700,1
55300,1
384700,1
428700,6
140700,2
385200,2
156700,1
334200,2
248500,2
247100,1
13400,1
211400,1
438200,1
236100,1
368500,4
211800,1
449000,1
294200,20
36500,1
462200,1
447900,2
346400,1
314800,3
178500,2
114100,1
401200,1
458300,2
296700,4
291900,1
226800,1
290400,1
257100,1
407700,42
418000,1
471900,1
362400,1
157100,3
231400,3
196500,1
182800,1
354300,1
210000,1
470000,1
487300,1
485000,4
231000,1
176600,1
271500,1
402000,1
447600,1
36900,1
346700,1
313200,1
54800,1
353100,1
157300,1
475600,1
421600,1
78400,1
27100,2
382300,1
88500,1
373300,2
297800,1
75000,1
305700,3
378700,1
203500,3
164600,2
314200,3
106200,1
119800,4
260000,2
481500,3
233500,1
388300,2
90500,1
36800,1
197200,1
318700,1
51100,3
31900,1
331500,1
19000,1
334600,2
94100,1
57600,4
422800,2
115100,1
387400,1
400900,1
190000,1
315600,1
207600,1
79300,1
184000,1
449700,1
280800,16
96300,2
488400,2
73800,1
235500,1
474300,1
402400,1
192400,1
25000,1
206300,2
135300,1
273100,6
403900,1
101300,1
480900,5
429900,1
473500,1
39200,1
215300,1
295300,2
366600,2
460500,1
97800,2
461000,2
323600,1
260500,1
332300,1
17400,1
355300,1
201900,1
33900,1
423900,1
21300,1
80400,15
423300,2
403300,1
274900,1
188300,1
263100,2
254500,1
56000,1
173600,1
81700,2
260400,1
220500,1
378500,1
399800,1
367600,1
226400,4
320000,1
370800,2
420700,6
293900,1
151800,1
393400,1
318900,3
62500,1
314000,1
115800,1
47900,1
374100,7
22600,1
68700,1
3400,1
26700,1
242700,1
21600,1
287600,2
21700,2
271000,2
54500,1
200000,1
185200,2
222400,2
424100,1
163200,2
60400,1
212500,1
257700,1
290500,1
412300,1
319600,1
306100,1
38100,1
135600,1
207300,1
453200,2
5100,1
355100,2
280900,1
100400,1
463900,1
202400,1
471700,1
47400,2
97900,1
99700,1
164700,1
78500,1
210300,1
464000,1
487700,1
147800,1
183200,1
347500,1
15600,1
210100,2
172500,2
40500,1
48100,1
171600,1
28400,1
373400,1
190200,8
27200,1
103100,1
186000,1
46200,2
198700,2
153700,1
456300,1
445000,1
195700,3
358400,1
65800,2
423600,2
179200,1
47100,1
481900,1
165300,1
128000,1
27900,6
305400,1
390800,1
183400,1
268400,1
390100,1
200300,1
185600,1
348600,4
439800,2
47700,2
413200,1
81900,2
414200,2
377200,1
100600,2
291400,3
252200,4
435200,2
27500,2
421800,2
225100,1
95600,1
2300,1
241400,2
262400,1
413400,1
119000,1
340900,1
427400,2
157000,1
475800,1
229500,1
364800,2
489600,4
226600,1
360400,1
396400,1
293500,1
203000,1
164100,1
273200,2
299000,1
396100,1
174400,2
323200,2
96900,1
76800,1
63700,2
194600,4
67000,2
326100,1
158600,1
61300,3
456900,4
353800,1
102200,1
302000,3
470100,2
227300,1
90300,1
211200,1
457700,4
160700,1
36300,1
467000,1
371100,1
242600,2
117800,1
189200,1
236600,4
17000,2
142900,2
49700,2
176900,4
238600,2
139600,2
273400,2
231200,1
28100,1
147600,2
344200,1
281300,1
376700,2
409200,1
467200,2
344400,1
110400,2
154700,1
428000,2
108100,3
413600,1
63500,6
79900,2
128700,1
374500,6
120500,2
367000,1
143100,2
211300,2
367200,1
206800,1
380700,1
321800,1
313700,1
73500,1
246900,1
184600,1
324600,1
149100,1
149300,17
87500,1
352400,2
210900,1
313400,1
40300,1
477500,6
31000,1
227700,1
449400,1
149200,1
159100,1
52900,1
264500,2
355800,1
269600,1
401000,2
438700,1
350800,1
405000,1
283900,1
344800,1
368400,1
400000,1
372900,7
356100,1
248700,2
68900,1
417800,1
129600,1
215700,2
8400,1
384500,3
222100,1
246100,1
160500,2
311900,1
461700,1
486700,1
10200,1
310200,1
282800,3
400300,2
465400,1
14400,1
52300,1
459600,2
194800,1
13300,1
238900,16
37700,1
419200,1
426100,1
290600,2
160900,1
142000,1
6500,1
99200,5
69600,2
382800,4
326700,1
116400,1
167000,1
164300,2
67700,1
213400,2
171200,1
173700,1
42200,13
486400,1
452500,1
294600,1
486100,2
27400,2
310900,1
215400,1
240900,3
107900,1
464800,2
37200,1
69000,1
68800,1
57500,1
119900,1
278000,1
225700,1
419900,1
78100,1
341600,1
222000,13
55200,1
4300,1
393800,1
177100,1
174600,1
426600,1
61100,1
48600,1
321200,2
58100,2
83300,1
254700,1
159300,1
87000,1
445200,1
231800,1
84100,5
341800,1
301000,1
148200,30
383400,1
360500,1
424000,1
228900,2
96800,1
487800,1
314500,1
96400,1
174900,2
294300,1
458800,1
296900,4
199200,2
421000,1
357500,1
254800,1
389700,1
48300,1
454100,2
438000,1
325600,1
47500,2
277100,2
115300,2
433300,1
51600,2
269300,4
266300,1
332100,1
427500,1
311600,1
489000,1
105200,1
326400,2
100000,1
275600,1
180800,1
103400,1
473300,3
178700,2
10900,1
263200,1
288100,2
229300,8
87900,1
287900,2
95000,1
396600,4
487400,3
338800,1
477900,1
18700,2
62400,1
353200,1
91000,2
234600,4
359100,1
440400,1
57200,1
433700,1
346200,4
346300,1
151400,1
182900,1
449600,2
306000,1
75400,1
353500,1
305500,1
483900,4
461100,1
282700,2
115400,1
213700,1
188700,1
357200,1
91800,2
71900,1
286500,2
110600,1
222700,2
272200,1
287000,1
422300,2
158500,1
92500,1
427300,1
190600,1
107400,1
114500,6
73700,1
5000,3
83800,4
360300,2
75200,1
400800,2
145500,2
159500,1
237600,1
16200,1
254400,2
51800,1
181100,1
107100,1
108500,1
475500,1
12900,1
284900,2
142700,1
84500,1
209700,1
278900,3
454500,1
8100,1
476400,6
489400,3
124600,1
600,1
353300,1
160400,1
93600,1
15800,1
450400,1
357700,1
317600,1
72500,1
434800,1
61500,1
205100,1
215800,1
148900,4
295400,2
403200,1
22400,1
150000,8
50500,1
329500,1
159400,1
469400,1
253800,2
260600,1
271600,1
84600,2
299800,1
179300,2
5800,1
328100,1
379800,2
106700,2
125300,1
342200,1
247500,1
232100,1
252100,1
168800,1
249900,1
397200,6
121300,1
114400,5
216500,1
220000,1
52500,1
136100,2
345600,1
96200,1
329300,2
234900,1
378300,1
97400,4
310100,6
71400,1
220700,1
34400,1
430200,1
177600,1
13500,1
147100,1
232600,1
134400,1
372400,1
424500,1
105800,1
300300,2
70600,2
47300,2
265600,2
264900,1
306700,4
376200,1
60900,1
327900,4
416400,1
352700,7
431200,1
53300,2
62200,1
21500,1
34900,1
140800,1
368100,1
109100,6
328900,1
283100,2
391200,1
393200,1
151000,2
316500,16
350500,2
94300,2
366300,2
167800,3
302500,2
267500,1
17700,1
160300,2
189000,1
98300,2
371200,3
261800,1
217100,1
138600,1
227000,2
114900,1
448500,2
22000,1
56400,1
135800,2
308000,2
163400,1
486200,1
369200,1
419700,1
131100,1
348200,6
469100,1
370500,2
489300,1
362000,1
220100,1
21800,1
11400,7
126100,2
259300,2
336900,2
291100,2
38000,1
23400,1
339800,1
442300,1
107200,4
434500,1
198600,1
13800,4
315800,13
263900,1
71700,1
46000,1
219100,2
101500,1
28300,1
478000,1
6800,4
70200,5
235800,2
265200,1
319100,1
167300,43
156300,1
244100,1
321600,1
468300,1
172700,2
273000,1
481600,2
437500,1
482400,2
272600,1
103700,1
86300,2
268600,2
315100,1
267400,2
345900,1
413500,4
237500,1
87300,1
481700,1
398100,1
341300,1
401600,1
478800,1
328600,1
341400,2
400200,1
152300,1
37400,1
162300,2
311500,1
362100,1
387800,1
272300,1
433900,1
340300,2
39500,1
45200,1
93200,1
128200,4
94200,1
192000,1
457600,2
169800,2
46600,2
202900,2
103000,1
431500,1
375700,1
60200,2
146000,3
484800,1
347100,2
25100,2
253500,1
116900,6
134100,20
228000,1
175600,4
375100,7
72400,1
473000,1
110500,1
431800,1
113000,4
76400,1
327300,2
230900,3
372800,4
112700,1
314300,1
441000,1
466000,1
405100,1
429600,1
282300,1
178800,1
303100,1
227500,6
103200,1
42500,6
13000,2
101100,1
234500,1
322400,4
319200,1
86500,2
429100,1
308900,2
77600,1
469700,1
181600,1
251500,1
316300,10
2500,1
120000,1
22500,1
187200,1
16100,1
198500,3
311300,2
381700,1
312500,2
470700,1
417000,1
309000,1
52700,1
405800,2
269400,3
38400,4
350900,1
314700,1
380400,1
213500,4
116300,1
100700,1
381500,1
381100,1
190400,7
279800,2
463000,1
52000,1
293700,1
367400,4
110700,2
256700,2
214300,2
33300,2
396000,1
187400,1
33700,1
39000,1
128900,1
347300,1
73200,6
53000,1
417500,2
454400,4
217000,1
158700,2
60300,2
481100,2
432700,1
65100,1
45000,1
258900,1
211600,3
131400,2
320800,11
122600,1
120800,1
214900,1
98800,1
288400,2
395300,2
126700,2
372300,4
281500,1
242000,2
451700,2
201800,6
141700,1
101000,3
391700,1
426700,1
17500,1
298600,1
66200,1
323300,2
136500,1
217500,2
52600,1
366700,9
309300,1
437400,1
417400,1
307500,1
198000,1
191700,32
342800,2
33200,2
467600,4
8200,1
393700,1
71000,2
300400,1
15200,1
20900,1
254000,1
348800,1
235000,2
103300,5
441200,2
188100,1
158000,2
105300,2
478400,1
305300,1
49300,1
202100,3
148100,2
198100,2
146300,1
159800,1
188000,2
110900,6
378000,1
463200,2
25700,1
82400,1
131500,2
193700,4
177200,1
127200,1
259400,1
455600,2
77400,1
21100,1
425400,1
70900,1
438900,4
176000,1
345000,1
48000,1
236200,2
456100,3
176400,1
172200,1
197600,1
201200,2
172100,1
124200,1
92900,6
185400,4
171300,1
381000,2
343000,2
472400,3
224200,2
16400,1
800,1
332900,1
28600,4
337300,6
290200,1
174800,1
385600,1
363900,3
76000,1
342500,1
154400,1
214500,2
322300,2
403800,1
104500,6
115200,2
298900,2
29400,1
255800,1
178100,1
28800,19
208900,2
399600,2
234700,1
186200,1
419500,2
276700,1
347400,4
182600,1
22100,3
145000,1
195400,1
387100,2
318400,9
267300,1
224000,2
66900,1
307200,4
249200,2
142600,2
206500,1
230500,2
98400,1
60000,1
57700,2
475400,30
359000,1
305900,1
402100,4
367100,3
253200,1
477000,1
375400,1
186400,1
388600,1
140900,1
42000,1
32500,1
351800,1
165800,1
56600,2
444700,1
359300,2
252300,1
52200,1
358100,1
180700,1
132100,1
466800,2
437600,1
459200,2
422700,1
133100,1
83500,1
445800,1
12700,1
341500,1
251300,5
479000,1
311000,1
487100,1
401100,1
343400,2
383900,3
443600,1
257000,1
448100,1
53700,1
200600,2
336100,1
328700,2
308600,2
249300,1
95300,1
223600,2
247600,1
223300,1
130000,1
481800,1
291600,1
287500,2
139400,2
202300,1
484000,1
243600,1
407000,1
7700,1
179700,1
353600,1
245400,1
384000,1
319300,1
407100,2
23000,1
92700,2
437900,1
230800,1
324700,3
97300,2
243200,1
367300,1
61900,6
23500,2
459500,3
284600,4
414800,7
282100,1
316900,1
438300,2
24400,1
299500,1
133600,2
394900,7
439300,1
204700,2
463600,1
358900,1
409700,1
354800,1
303400,1
285800,3
235400,1
388900,1
189100,1
321500,2
245600,1
82100,2
188600,1
85200,1
90800,1
71500,1
121500,1
155100,20
462400,2
163300,1
470300,1
271400,8
478600,4
85300,1
17200,1
310500,1
67500,1
64600,1
140500,1
141500,7
377900,1
86800,2
378100,1
369000,1
182100,1
342700,1
55000,1
94400,1
296100,1
394400,5
338200,1
68400,1
388100,4
30200,2
108700,2
471500,6
366400,1
280000,1
238800,2
330000,1
389300,1
81400,1
365500,1
136000,1
221300,1
196900,1
306900,2
414000,2
330600,14
72000,1
197700,1
473600,1
105000,1
192600,2
182700,1
468800,1
257200,1
268700,2
130700,1
478500,1
238500,1
50000,1
221100,2
404200,1
400500,6
221600,1
478900,2
213300,2
428600,1
245100,1
375900,1
481000,1
398000,1
111400,5
203100,1
126200,1
123500,1
216600,2
317800,13
243400,1
180900,1
258200,2
226300,2
140400,2
126000,1
374900,20
23200,1
134900,2
363100,1
455000,1
410100,1
366800,1
76900,1
107800,1
487000,1
358800,1
189300,1
276600,1
324000,1
20500,1
212700,2
275900,1
429000,5
459100,1
348100,1
205600,1
104300,1
1100,2
42700,1
289700,1
110300,1
215600,1
326800,1
21900,2
251800,2
234300,2
416000,2
30600,2
119400,1
335100,1
409400,1
279900,1
138700,1
50100,1
267900,2
270900,1
408700,22
351100,1
256500,1
323500,1
325800,1
231900,1
55100,2
356200,1
441800,2
21200,1
226100,1
240000,1
377700,1
339900,1
400,2
95700,15
433000,1
222200,2
237400,3
102800,2
210500,1
344100,3
206000,6
205000,2
1200,1
404800,10
371600,1
450200,1
406000,1
479600,2
239900,1
453900,1
185800,2
352500,1
486000,3
436300,1
223500,1
269900,1
325700,1
35300,1
266500,2
47600,6
472900,1
96500,1
485600,1
394800,1
438500,2
220400,1
144300,2
325200,1
320600,4
213800,1
208500,1
440100,1
198400,3
414700,1
405400,1
119600,1
415400,2
185000,1
26300,1
461900,1
440000,1
442600,2
321100,1
469200,1
405200,4
349900,3
17300,1
464300,2
114200,1
232200,1
128500,1
185500,2
407500,1
370000,1
373600,1
415500,1
329900,2
251900,2
474500,3
253100,4
210700,1
53500,1
41300,1
183900,1
476000,1
89600,1
464200,1
140200,1
122500,1
103600,2
14300,1
438100,3
397300,8
93300,1
342400,1
304800,13
308500,1
308700,2
95200,1
150200,1
76500,1
337100,1
206700,1
358200,2
241000,2
229900,1
251700,1
217700,1
181300,1
48800,1
92400,1
411400,1
431300,1
215000,1
28500,1
100800,1
356600,1
174700,1
50300,1
186500,2
404700,2
464400,1
60700,2
263000,2
435700,2
89400,1
70500,1
439900,5
214400,1
62100,1
421900,2
249600,2
315700,1
168500,3
451600,1
107300,1
459300,1
32300,4
280200,1
388800,1
42600,5
330900,1
225600,1
269800,1
467100,1
61000,1
258500,5
192800,1
426800,16
326900,1
244400,1
229400,1
331200,1
164900,1
240600,1
265100,1
276400,2
69800,2
474100,1
254900,1
2000,1
246700,1
390000,1
288600,1
207200,1
63900,1
429200,1
5200,1
462700,2
314900,1
72100,1
393500,1
303500,1
155400,2
32100,1
354400,1
319400,1
483400,1
1600,2
80100,2
37000,1
57900,2
347000,1
171500,1
68600,1
98500,3
255900,1
155000,1
29300,4
431900,1
202200,2
360000,8
414400,2
418400,2
473100,2
391000,1
97600,18
371500,1
262100,1
248600,2
2100,1
146800,1
22900,13
51500,1
32400,1
261900,3
484700,2
4400,2
442000,1
336400,1
141600,1
137400,1
375300,1
270500,2
392200,2
457200,1
211900,1
258400,1
485400,2
418300,2
189600,1
249700,1
260700,1
273300,44
16500,2
202500,1
33800,1
106600,1
171100,1
239400,2
313900,1
244800,1
236800,2
201100,9
127000,2
368800,2
366900,1
338600,1
200500,2
88200,1
363200,2
436700,1
264600,6
139900,1
183300,2
363800,2
126400,2
419100,1
444100,1
58800,1
480300,1
23900,1
113100,1
103500,4
203800,1
58500,2
239600,2
73900,1
145800,2
237800,1
451400,2
397600,1
79500,1
293800,1
121700,1
301500,1
479100,4
132000,1
468500,1
292400,1
118400,1
145600,2
293200,2
265700,1
251400,1
305600,1
289300,1
236900,1
255400,1
451100,13
475900,1
294700,1
422900,1
346800,1
214800,1
333300,1
93100,2
192900,1
359800,1
392100,1
104900,1
127500,12
317000,2
242100,1
170700,1
111700,4
13600,3
133400,1
150800,2
360600,2
135000,1
114800,1
150600,2
156000,2
476500,4
455200,1
178300,2
200100,1
254600,59
281000,1
98100,1
80600,2
222900,14
320100,4
151700,2
369300,4
34600,1
54900,1
352300,2
90100,1
209100,1
148800,1
289400,1
442800,1
430500,2
82700,1
233900,1
39300,2
236000,3
165700,1
202700,1
455300,1
95800,4
447200,1
8000,1
200,1
3800,1
262000,1
434000,2
379700,1
343300,1
295700,1
460000,1
285000,2
96100,1
482700,1
97100,4
465100,1
176700,2
427200,1
464100,5
85000,1
466400,1
273700,1
136600,2
364300,1
370200,1
297600,1
409600,2
3200,1
421500,1
124500,1
420500,1
391100,2
452800,2
465600,1
24800,2
380000,1
286400,1
75100,1
210200,2
382100,2
62600,1
325000,1
227600,1
466100,1
413700,2
461200,1
324500,1
424600,1
137100,1
86100,2
482000,2
389600,1
18100,2
120700,1
150100,1
142200,1
446100,2
170200,1
452900,1
481200,1
448900,1
298400,5
433400,1
155500,4
194500,1
242800,1
165200,1
235700,14
55900,1
372700,1
199900,1
11500,1
455100,1
247200,1
6300,1
137800,1
137000,1
227100,1
153800,1
414100,1
111300,1
417100,2
472000,1
422200,1
398500,2
434200,2
473400,2
319500,2
307700,1
246400,1
88700,1
243000,1
379400,1
123900,6
181500,1
454600,1
406900,1
239200,4
70400,1
472600,3
119700,1
133800,1
203700,1
118500,1
77800,1
303900,1
250500,1
116200,1
220300,1
207900,1
323700,1
218300,1
443400,1
408300,1
178000,2
65000,2
162500,1
11900,2
476700,3
383100,1
184100,1
192700,1
237000,1
208000,1
254300,2
214700,1
412100,2
74800,1
20600,1
118100,2
424200,2
178600,1
89000,1
212400,1
439700,1
364600,6
194700,1
404500,3
413300,2
35500,1
19300,1
386700,9
474700,2
205800,2
370600,2
316600,1
463800,1
442400,1
250700,4
98600,6
197300,1
103800,1
296200,1
175700,2
297500,2
117300,1
303200,1
243800,1
425600,1
323000,1
427100,1
221400,1
138200,4
79600,1
299700,1
161400,16
374700,1
263400,1
81300,1
214200,1
365400,2
351400,2
128300,2
142500,1
418200,2
219900,1
480100,1
141000,2
35400,2
138000,1
104800,1
376000,2
406600,1
291700,4
45600,1
276500,1
435100,2
337700,1
463400,1
408900,2
12000,1
271800,2
446400,1
317400,1
114300,1
459000,1
276800,1
343900,1
86900,1
261700,2
204000,1
384200,2
191400,1
148300,1
426900,1
284000,6
390500,1
324100,2
16800,4
117700,4
480600,3
444000,1
478200,1
44400,2
174000,1
248400,1
292000,1
181200,3
446800,1
391900,1
288900,1
339700,1
149900,1
294500,1
40700,1
468600,1
431600,2
34000,1
185300,1
306400,1
49900,2
163600,1
300000,1
143400,3
243500,1
89300,1
337000,1
488300,1
489100,1
487600,2
472100,4
372200,1
463100,1
418700,1
335300,4
292800,2
359900,1
453400,2
29800,2
44500,2
333600,1
264100,2
149700,25
371300,1
419400,1
75800,1
299100,1
476200,1
38300,10
89900,1
25800,1
403700,1
356300,1
364200,1
123100,1
100900,2
395000,2
482900,1
193500,1
1700,2
243700,31
410200,1
179900,1
69700,1
211000,2
272700,2
118800,14
302900,2
134800,1
224500,11
353000,1
124800,1
324800,6
442500,1
242200,2
40000,1
316800,1
158100,1
134700,2
268900,4
65200,1
105600,1
373200,1
9300,1
290100,3
369800,1
167200,2
225000,1
165600,1
474200,1
295000,1
117000,1
425300,1
204800,1
272500,2
454800,1
139000,1
196200,1
331600,1
485900,2
299600,2
261500,1
329000,1
77000,1
78700,1
32800,2
16000,1
31600,98
154500,2
226900,5
190700,2
309100,3
433100,1
152200,12
50900,1
380100,2
228500,1
260300,1
259000,2
213900,2
336600,8
460600,2
12600,1
456000,2
335700,6
92800,1
483600,2
318000,2
194400,1
203400,1
444400,1
74400,2
390400,1
377100,1
28700,1
180000,1
425700,22
139200,1
446200,1
346900,1
210400,2
228400,1
16600,3
199400,2
389400,1
331700,1
56700,2
415200,1
418600,2
482600,1
57400,1
301300,2
444900,1
463500,1
4600,2
500,1
389100,1
15300,1
392600,1
160200,1
133900,1
129000,1
89500,2
306800,4
305100,7
84900,2
31200,1
372100,1
2900,2
453600,5
168000,1
248900,1
380800,1
375800,9
110100,2
148700,1
124400,1
212900,2
274300,1
454700,2
278600,1
900,1
11700,1
43500,1
462500,1
98700,1
183600,3
55600,1
357000,1
302800,1
205300,1
290700,3
228800,2
222300,1
255000,2
397900,1
21400,1
195600,1
387000,1
404400,2
434400,1
336800,1
289600,1
414300,1
157200,9
136900,1
166800,2
173100,4
295500,1
83600,1
4700,4
38200,1
132400,1
377500,1
126300,1
434300,1
20000,1
13900,1
321300,14
84800,1
87400,1
18400,1
239000,2
190500,1
169200,1
370700,1
128100,2
227200,1
173300,1
335400,1
81000,1
434600,1
193800,2
374800,1
153200,1
440700,11
80000,1
56800,2
229800,29
6700,3
442700,2
361800,1
218000,1
134600,1
474900,1
219600,2
152600,2
187900,1
41400,1
67600,1
449200,1
82600,1
337200,2
453300,1
298000,1
40400,1
104700,2
316400,1
317100,1
328400,2
457800,1
432300,2
429400,3
169300,2
337600,2
7400,1
437300,1
199100,1
257600,1
185700,1
191800,2
29500,1
251000,1
398800,3
466700,2
66300,1
341900,1
58000,1
187300,1
376500,1
9400,2
382500,3
98000,1
285600,1
380500,65
154100,2
125700,1
288500,2
291500,2
467900,1
460400,1
240500,1
54700,1
179100,1
403000,1
458000,1
267600,1
161900,1
54100,1
359400,1
261300,1
144000,1
441700,1
154000,4
371000,2
460900,2
453700,1
266100,1
163000,3
473900,1
245500,4
108900,2
127300,1
151100,1
29200,1
31100,1
444200,1
80900,1
179000,1
102600,2
8800,1
232400,1
331300,1
360200,1
177300,14
274000,1
394200,1
203300,2
188200,1
127400,2
42300,1
34800,1
306200,2
4200,1
30700,1
74300,2
74500,1
134300,2
404100,1
161000,1
120600,1
183000,1
430300,1
217800,4
488100,1
485700,1
443700,1
437100,1
40800,2
235600,1
232300,4
300500,12
361000,6
360700,8
10500,2
245300,1
113800,1
49600,1
126500,1
112000,1
157800,2
473800,1
479400,1
64900,1
328000,1
249100,2
316700,9
279600,2
30900,1
106500,2
300900,1
41700,1
90600,1
123200,1
333800,1
108200,1
457900,2
448400,1
327200,2
80200,6
442900,2
331400,1
404300,1
405500,2
434100,8
24500,1
144100,2
71800,1
263700,2
37900,1
197000,3
313300,1
277500,1
145200,1
276100,1
192100,1
145700,1
424900,4
448300,2
391500,1
190800,3
63400,1
458900,1
376400,1
441300,3
186100,1
373500,1
216100,12
29700,1
224400,1
182000,1
309500,1
428300,1
343600,1
121200,1
380200,1
159900,4
2400,1
162700,1
230200,2
475200,1
326200,1
54200,1
43000,2
368300,2
327400,1
349700,1
67400,1
409300,1
44000,1
158800,1
402200,2
339600,1
145300,1
46700,1
246200,2
373900,2
308800,1
411900,1
340100,1
461600,1
125500,3
26600,1
183500,1
431000,1
468100,2
7800,2
235200,1
301600,1
314600,8
65900,3
318500,2
187600,1
164500,4
397800,1
407600,1
139500,1
484900,1
141400,1
220800,1
239700,2
480700,1
432200,1
87100,2
376800,1
322800,1
302100,1
338900,1
303800,1
144500,1
479700,2
245000,2
420300,1
155800,1
241500,2
13100,1
234200,1
364000,13
59300,1
184500,1
309600,2
230100,1
461800,1
264400,1
369400,1
421100,1
321700,1
243300,1
84400,1
228300,1
343700,1
324200,2
390300,1
397000,3
278800,2
59200,2
143200,1
449900,1
156200,2
449800,1
361100,1
367800,1
356400,1
56300,1
10100,21
180200,3
183800,2
83100,4
247700,1
450600,1
22300,58
446500,1
121800,1
356900,2
240100,1
438600,1
352200,9
435800,1
66700,2
286600,1
392000,1
361300,1
179400,1
317700,2
104000,1
60100,1
472500,2
355000,1
49800,1
125900,1
44200,2
411600,1
471000,1
262300,1
38600,2
325900,1
93900,1
488500,2
467400,1
9100,2
482800,1
226700,1
420400,1
67100,1
460200,1
70000,1
78800,1
180100,1
340700,2
237200,2
134500,2
224300,6
352800,2
139300,1
30400,1
127600,1
35900,1
320900,1
347800,1
194900,1
460700,2
240300,1
310000,1
284700,1
175800,2
349300,1
242400,4
369500,1
270000,1
64800,2
77200,2
348900,1
412400,3
192200,1
479800,1
302300,1
85900,1
179800,1
11000,1
267100,6
244500,2
18000,1
483700,1
20300,2
410800,1
225800,1
3500,2
415000,1
217200,1
327100,1
285200,1
151300,3
228200,1
293000,1
19200,1
291300,1
85800,1
369700,3
466500,3
376600,4
356000,1
238200,2
477300,1
251600,1
273800,2
409000,2
484100,1
419300,1
169000,1
122000,1
324300,1
174500,2
65400,1
230600,1
306500,2
382000,1
448800,1
170300,1
26400,1
22200,2
430900,3
88600,1
152800,1
437000,1
399300,1
300700,1
170100,1
240800,1
209200,1
350200,1
59900,1
3000,2
43800,1
340400,1
396200,1
108600,1
342900,2
162100,1
432800,2
428400,1
141100,1
422600,1
255300,2
274200,2
156900,1
378600,1
10400,1
482300,1
135100,1
86000,1
120900,1
209500,1
397500,1
323400,1
135200,1
41000,1
115000,1
162900,2
133500,1
184900,2
420600,1
445900,3
140100,1
390900,1
312600,1
62000,1
36600,2
351300,1
159200,1
314400,1
236700,1
274400,2
333900,2
482500,2
479900,1
388500,1
214600,1
347600,1
341200,2
287200,1
51400,4
286100,3
333000,1
452200,1
407300,1
159000,1
323900,1
359200,1
355600,1
339200,2
398400,5
235300,1
477400,2
161100,1
269100,2
351200,1
86400,1
369100,1
203200,2
427700,1
474400,1
300100,1
468400,1
129400,1
356700,1
24000,1
379100,1
185100,1
213200,2
341700,1
218900,2
411200,2
75300,1
93400,1
41100,1
439000,4
379000,1
175500,1
51900,1
430800,2
208600,2
467300,2
109800,2
15400,2
456700,1
425200,2
248800,1
413900,1
107600,1
4900,2
90400,1
343100,1
272800,1
362900,1
355400,1
74700,1
83900,1
346600,2
311700,1
298300,1
336000,1
335000,2
301100,1
441500,1
458700,2
5300,1
150500,1
394500,1
39700,9
286200,1
42900,1
322500,1
382700,1
332500,2
309900,1
267700,1
337900,1
207700,1
92600,1
483800,3
44100,1
194100,1
367900,1
39100,1
335200,2
87700,1
414600,1
123700,1
36400,1
376900,1
399000,1
472700,1
347200,1
132900,1
312800,1
280400,2
292300,8
459900,1
267200,1
457100,8
453500,1
271900,2
118000,1
71300,2
304900,1
313600,1
406100,1
423200,1
484600,1
378200,1
258300,1
233100,1
354600,2
414900,1
32900,1
193200,2
485200,1
19700,1
69100,1
74100,1
292200,1
25900,15
197100,3
233300,2
274100,1
295600,1
297200,4
429700,1
146900,1
199500,2
272000,1
155700,1
283500,1
162400,1
365000,4
62700,1
321400,1
66400,1
368600,1
351600,7
94800,1
7900,1
9700,3
345300,1
346500,1
76700,1
48700,2
100,1
487500,1
426300,1
160800,1
119100,1
285500,2
48500,1
136700,1
120300,1
160000,1
300,1
112900,1
450800,1
168900,1
31400,1
10300,20
78000,1
204300,10
247400,2
247300,1
412700,1
96700,1
68100,1
317900,2
111100,2
336700,1
324400,1
218800,2
303600,2
75700,4
398600,36
7100,1
431100,1
193600,1
430100,1
219500,2
465300,2
129100,1
270600,1
143500,1
101400,1
230300,1
41500,1
61800,1
425100,1
377000,1
117500,2
226200,1
148000,2
432500,2
94600,2
72900,2
281200,1
257900,1
20700,1
72300,2
456400,1
62900,2
130100,2
277700,1
190300,1
466600,1
71200,1
380900,2
366500,1
1400,1
261400,1
395200,2
84000,1
63800,2
276000,1
380600,1
435300,1
433500,1
311400,3
345200,1
288200,1
340200,1
32700,3
227800,1
390200,1
399400,1
46500,1
112100,43
43300,2
100500,1
232000,1
150700,1
112400,1
196800,1
249400,2
405900,1
275000,2
407200,1
113900,1
399200,2
261200,4
284100,1
141800,1
432900,2
199600,1
449300,1
479200,1
140000,1
232900,1
148500,1
16700,1
30800,1
409100,6
195500,1
66600,2
123800,2
181400,4
26200,1
147500,2
213600,1
106000,1
470600,1
364900,1
107000,1
262200,1
27800,1
358600,1
219700,1
113300,2
200900,3
2800,4
292100,7
135900,1
136300,1
259900,1
342000,1
428800,1
168300,1
14600,1
331800,1
179600,1
404600,2
266000,1
204900,1
297400,3
51300,1
247000,1
292900,2
330500,1
399900,1
417600,1
265900,1
277000,1
401800,2
186900,1
170400,2
232700,1
348400,1
392700,1
485100,1
45800,1
469500,1
264000,4
247800,1
130200,6
175400,2
153300,1
173500,2
172300,1
279400,1
231700,1
50200,3
143900,1
421200,1
182400,1
354900,1
67800,1
253600,1
254100,1
59100,1
95400,1
109000,1
426500,1
207400,1
384800,1
40200,4
122100,1
33100,1
88100,1
99600,2
233600,1
277600,1
130400,1
309400,1
363600,1
406800,13
99500,2
115500,2
18300,1
177400,2
82200,1
72600,1
437200,2
94000,1
216300,1
156100,4
398900,7
327500,1
323100,2
49400,1
360100,1
34200,1
230000,1
447300,1
14500,1
153000,1
129500,1
202000,2
163500,3
139700,1
304400,2
241600,1
105700,1
408100,1
43700,1
420000,1
386100,4
362500,1
16900,1
111800,2
24900,1
331000,1
298200,1
304700,1
11800,1
209400,2
167500,1
138300,1
434700,1
31300,1
113700,1
204400,1
197900,4
274800,1
231500,1
368200,1
700,2
475300,1
118900,1
55800,3
296400,1
239300,1
265400,1
339300,2
361700,2
74600,12
88800,1
133000,2
187700,2
176800,1
244700,4
261600,1
387900,1
307300,1
152100,2
288300,20
354100,1
30100,4
296000,1
59400,1
154600,1
207100,1
471600,1
256600,1
218200,1
68200,1
68000,1
451900,1
361500,8
75600,1
24300,1
7600,3
129300,2
279200,1
169600,2
329600,1
416500,1
101200,2
264700,1
488700,1
442100,1
104200,1
463300,4
135500,1
370400,6
81600,1
165000,1
161800,2
196400,1
73300,1
401300,1
136200,2
406200,1
436500,8
476800,2
275400,2
455900,1
424700,1
23100,1
257400,6
146600,1
116600,2
422100,2
176100,1
471300,20
417200,1
465700,2
322200,2
428200,1
304100,1
201300,1
371900,1
410700,14
189700,1
449100,1
118600,2
66800,2
122800,1
203600,2
257500,1
176200,1
260900,2
469900,2
364500,1
70300,3
450700,1
237900,1
27300,1
276200,1
27000,1
381800,1
135400,1
263800,4
364100,2
10000,4
272900,1
67300,1
282900,1
15700,1
14200,1
455400,1
72700,2
385000,2
435000,1
46900,1
120200,1
395500,1
475700,4
287100,5
478300,2
222800,2
464900,1
166900,1
386400,2
225900,1
256800,1
91700,2
386300,1
77100,3
484400,1
196700,1
429300,1
335900,2
320500,11
300800,2
468900,1
459800,1
150300,1
409900,1
439400,1
256300,2
165400,1
369900,1
383700,1
158400,1
80500,2
375000,1
474000,1
55500,1
117100,1
470900,8
182200,1
361400,4
166500,1
131800,2
476300,1
210600,7
382200,1
336500,1
424400,1
348700,1
109600,2
133700,2
277900,1
420900,2
168100,1
388700,1
74900,1
225400,1
313800,1
465900,2
85700,1
242900,1
393000,1
113600,1
287300,1
174100,1
31800,1
253700,30
462300,2
24600,1
359500,1
413000,1
454900,1
187000,2
336300,1
193100,1
421400,1
358500,1
350700,1
218600,1
175200,3
215900,4
194200,1
78900,1
116100,2
415100,1
348300,2
376300,1
323800,1
61400,1
355700,2
402900,4
131900,4
43900,1
76300,1
365200,1
428100,1
413100,1
88300,1
211100,1
3900,1
34300,2
376100,1
357400,1
391400,1
187500,1
310400,1
291000,1
52100,3
220600,2
221900,1
467500,1
45700,1
270100,1
18600,1
423500,1
227400,1
437700,1
386600,1
371800,5
179500,1
164400,1
471400,2
348500,1
405300,7
424800,1
389900,2
361900,1
50400,1
402700,1
229600,1
87800,1
91600,1
383000,22
181800,1
338000,1
404900,3
101800,1
283200,1
427800,1
102000,1
70100,2
396500,2
155300,1
221200,1
284500,1
315400,2
250000,1
35200,1
308200,2
82000,1
342600,2
248100,1
198900,2
262500,1
419800,1
291200,1
316200,1
150400,2
309800,6
343200,1
195800,1
294800,1
165100,1
460100,4
219200,1
212600,1
349500,1
416900,1
444300,1
177800,1
268800,2
82800,1
134200,1
273900,1
15500,1
258100,1
110200,1
321900,2
409800,2
386500,1
168400,1
169700,1
268100,2
373000,2
112600,2
394100,1
49000,1
446600,1
221800,1
395400,1
56500,2
255200,1
488000,1
418100,1
142400,1
237100,4
295100,2
148600,1
475000,1
196100,1
477700,1
315200,2
119200,1
485500,1
470500,1
370900,1
132500,9
51200,1
65700,2
186700,2
256000,2
364400,1
209000,2
408000,4
395700,2
326600,1
11200,1
64500,1
361600,1
188400,1
276900,1
77900,1
378900,1
328300,1
436200,1
285700,1
190100,4
189900,2
228100,1
193900,2
123000,1
223200,1
299200,1
216200,2
256100,2
443800,1
295200,1
234800,1
30300,1
485800,1
416100,1
155200,2
349200,1
401400,1
463700,2
64200,1
170500,4
468000,2
334900,2
444800,4
295800,2
396800,1
152000,1
268500,1
27600,1
412600,1
154800,1
153400,1
175900,1
344700,25
290900,1
125600,1
136800,1
106100,1
459400,1
442200,1
311800,4
13700,1
352100,1
225300,1
106300,1
14800,2
205500,2
336200,1
26100,1
19900,3
96000,1
223000,1
121600,1
236500,2
284200,1
261000,1
100300,1
244900,6
366200,3
469800,1
5600,3
310800,1
252900,1
106800,1
269500,1
139800,1
157900,2
77300,1
333400,4
169100,1
300200,2
78200,3
191300,1
318300,1
339500,1
312700,10
137600,2
385300,2
253300,1
212200,1
220200,1
186600,2
452300,1
59500,1
264800,2
249500,1
452100,3
38900,1
433600,2
416600,1
451500,1
14100,1
115600,1
388000,1
403100,1
425900,1
275200,1
217400,2
337500,1
275800,1
99300,1
258600,1
439500,1
422000,2
365600,1
430400,1
171700,1
435500,1
476100,1
412900,1
147200,1
213100,1
198300,1
4500,2
338500,1
281900,1
33500,1
259200,1
329800,2
157600,1
30500,1
70700,1
420100,1
425800,1
322100,2
240700,1
156500,1
14000,2
378400,1
293100,1
289900,1
374200,1
328200,1
50800,13
80300,2
138500,2
363700,1
255100,1
152500,1
349800,1
9500,1
112500,1
392800,1
125000,1
147900,1
370300,1
387600,1
411500,2
480200,1
421700,2
208400,1
47200,1
332000,1
363000,6
192500,1
446300,1
379500,1
24100,1
377600,1
375500,2
86200,1
294900,1
54600,1
91100,1
332800,1
429500,1
5900,1
89100,1
259500,1
452400,1
357300,1
57100,1
330400,1
151500,1
228700,1
146200,2
140300,6
15900,2
180500,1
99900,1
482100,1
215500,1
180600,1
429800,1
56100,1
439100,1
408500,1
157500,1
131700,1
10700,8
3300,1
68500,1
134000,2
454300,1
387700,1
80800,1
373100,2
9000,1
443900,1
301900,1
448000,1
93500,2
381300,1
453800,1
229000,3
296600,5
40600,1
382600,3
298700,1
347900,1
26500,2
401700,2
37800,1
319900,3
135700,1
172800,1
267000,2
440500,2
383800,1
65600,2
450300,2
79400,1
76100,4
90700,1
216400,1
312300,1
194000,4
79700,2
312100,2
239500,1
255700,1
39600,1
50700,1
121000,7
349100,1
422400,1
199300,1
327600,1
158900,9
441400,1
283000,1
200200,2
208300,2
252600,1
132200,1
446900,1
311200,1
54000,1
334700,2
389200,8
354200,2
330300,1
223900,1
408200,2
108800,2
287700,2
291800,2
299400,4
207800,1
229200,1
440600,1
255500,2
239100,1
416200,1
354000,1
208800,1
147300,1
301800,2
281800,1
269200,1
250400,1
90000,1
299300,1
142100,1
216800,4
290000,1
232500,6
22800,1
206400,4
425000,1
440200,1
294400,1
428500,1
35100,1
392500,1
189400,1
372500,2
252500,1
157700,1
166000,1
6000,1
305000,2
355900,1
241100,2
465200,22
187800,2
8700,2
327000,1
392400,2
191000,1
401900,1
286900,1
411800,1
151900,4
400700,1
146700,1
238400,1
447800,2
277300,2
220900,1
273500,2
259800,4
316100,1
242500,3
193000,1
153900,1
455500,1
484500,1
182500,2
309700,2
345500,1
354700,2
84700,1
426200,1
413800,1
169500,2
245800,2
436600,1
412000,1
231600,1
149600,2
270700,1
486300,1
195200,1
58200,2
1900,2
184400,2
439600,2
402300,1
410900,1
42100,1
457500,1
152900,1
117200,1
386800,3
372600,1
37300,4
382400,1
441900,2
353900,1
87200,1
307000,1
301400,2
377300,1
141300,1
381200,1
306600,1
489800,1
50600,1
191100,1
183100,1
257800,1
469300,1
285900,1
235900,1
185900,1
223800,2
141900,1
406700,1
266700,1
79000,1
171900,1
175100,1
350600,4
53600,2
308400,3
204500,1
466900,6
83200,1
19600,2
262800,1
477200,2
411700,2
466300,1
170600,1
199800,1
281400,1
470200,1
12300,4
418500,2
340800,1
93000,1
487900,1
338100,1
292500,4
282000,1
389500,1
169900,1
330800,1
41900,1
407800,2
116500,1
206900,1
42400,1
132600,2
148400,1
374000,1
172000,1
344500,1
60500,1
486800,1
363500,1
310600,1
229100,1
83000,1
92200,1
91900,2
482200,1
221000,1
111600,1
79100,1
122200,1
395900,1
42800,1
130900,1
143000,2
470800,1
315300,1
313500,1
359700,1
105100,1
196600,1
2600,1
386200,1
214100,8
64300,1
26800,1
93700,1
262900,1
438800,1
178900,2
372000,2
34100,1
487200,2
378800,1
411100,1
110000,45
56200,1
473200,1
348000,1
62800,2
85600,1
298800,1
200400,1
423800,1
228600,1
353400,1
91200,1
435600,1
124900,1
3600,1
451000,1
234000,2
128400,1
137200,2
149000,3
170900,1
123600,1
351500,1
152400,1
446000,2
189800,2
66500,1
343800,1
300600,2
325400,1
333500,2
11600,1
375200,1
389800,8
441600,1
26000,2
460800,4
243100,2
471100,1
286700,45
66000,7
351000,1
410400,4
469600,1
171800,8
224600,1
23700,1
18900,2
238700,2
30000,1
77500,1
387300,1
283400,1
237300,1
144200,1
465500,2
137300,1
58300,1
440900,1
206100,1
445300,1
377400,1
332200,1
45500,2
363400,1
302700,1
338400,1
465000,1
227900,1
312000,1
173900,2
432100,1
56900,5
297000,1
440300,1
440800,1
485300,2
118700,2
144900,2
90900,2
25300,1
208100,2
403500,1
434900,1
188500,1
483100,2
385700,1
146500,1
111500,1
41200,1
460300,8
2700,1
13200,1
414500,2
102100,6
150900,1
334100,4
159700,2
258800,1
480500,2
226000,2
284300,1
342300,1
263500,2
137900,1
215200,2
401500,7
419600,1
159600,4
177700,6
409500,1
94900,1
230400,4
412200,9
156400,1
443100,1
130300,1
122700,1
224700,1
97500,1
223100,1
345400,1
14700,1
115900,1
404000,2
64400,2
218500,4
240200,2
462800,22
280100,1
125400,1
82900,1
114600,1
432400,2
191600,1
476600,1
426000,1
95100,1
58600,1
269700,1
144800,1
368700,2
219300,1
345100,1
207500,2
252800,2
332700,1
393600,1
200800,1
8500,7
7300,1
38700,1
436800,1
277200,2
313100,1
122300,1
447500,1
225200,2
480400,1
163800,2
32000,1
209800,1
44700,1
0,2
35800,2
209300,1
384400,1
278300,2
243900,1
85400,1
43200,6
61200,1
319700,2
8600,2
287400,2
48200,1
156800,1
158300,1
43400,1
462100,244
262700,1
283700,1
267800,1
211500,25
22700,1
143600,2
415600,2
113400,1
60800,1
339400,1
166200,1
53900,1
142800,1
304500,4
40900,1
445600,2
48900,1
162600,49
425500,3
350000,2
128800,1
351700,1
236400,1
275700,1
288700,1
293300,2
450500,1
253000,16
374600,2
320700,1
110800,4
35700,2
436000,2
12800,6
28000,2
246600,1
368000,1
400100,1
7200,1
94500,1
60600,1
130800,2
289200,2
169400,1
467800,2
244000,4
307600,4
313000,5
406400,3
39900,1
167600,3
288800,2
334000,1
462000,3
331900,1
263300,1
452000,1
252000,1
79200,1
128600,17
25500,4
328800,1
432000,1
212000,1
241800,2
246000,1
405700,1
277400,1
361200,1
108000,2
286300,2
335500,2
489700,2
207000,2
362200,10
34500,1
326000,1
250800,1
458200,1
379600,1
292600,1
218400,13
381900,1
423100,2
109200,1
175000,2
211700,1
268000,1
489500,1
147400,1
109700,1
181900,1
25600,2
238100,2
241700,1
285100,8
351900,2
280600,1
344600,1
36000,1
104100,1
37100,1
411000,1
341100,1
167100,2
436900,2
270300,1
410000,1
375600,2
315000,1
4100,1
197800,1
415300,2
241300,1
279700,1
114700,1
279100,1
138900,1
115700,1
397100,1
325100,1
251200,1
388200,1
337800,1
65500,1
275300,1
91400,1
74000,1
285400,1
6100,1
213000,1
163700,2
131600,1
101700,2
435900,1
364700,1
36100,1
8900,7
131200,1
76600,4
461500,1
303300,1
82500,1
261100,1
480800,1
244600,1
394300,1
290300,2
367700,1
391600,1
51000,2
86600,2
398200,1
167900,1
387500,1
127900,1
29900,1
250600,4
84200,1
255600,1
217900,1
235100,1
203900,1
137700,1
156600,1
69400,1
55700,1
72800,1
46400,1
167400,124
196300,2
83700,2
256900,1
445700,1
74200,2
395600,2
177000,2
314100,2
45900,2
244300,1
186800,2
178400,1
224900,1
385100,1
461300,1
8300,1
260200,1
488200,1
408600,1
117600,1
322700,1
245200,2
245900,1
221500,1
481400,2
75900,2
162800,2
164200,1
253900,1
7000,1
191200,1
105500,3
241900,8
456600,6
143800,2
418900,1
85500,2
250300,1
12400,1
196000,1
77700,1
19500,1
358000,1
304300,1
124000,3
274500,1
119500,1
303700,1
181700,2
118300,1
282200,1
357800,1
234400,1
479300,1
278100,1
146100,1
121100,2
189500,2
63600,1
129800,1
46300,1
43600,1
452700,1
47800,1
49100,1
443300,1
204200,1
402800,1
98900,14
129200,1
233200,1
219400,1
264300,1
363300,1
315900,1
338700,1
476900,7
181000,1
411300,1
471800,1
101600,1
119300,1
357900,4
102400,2
461400,2
225500,1
380300,1
233000,2
426400,1
18800,1
53800,1
59700,1
326300,1
406500,1
355500,1
284400,1
16300,3
450900,2
469000,1
392300,1
423700,1
379300,1
149400,23
383500,3
272100,2
345800,1
143300,2
219000,1
384300,1
342100,1
322900,1
122900,1
33000,1
201000,1
105400,1
289100,1
53200,1
457000,1
484300,2
157400,6
350300,1
289000,1
174200,1
143700,1
154900,3
54300,1
247900,2
410300,1
195000,2
262600,8
357100,1
281600,1
4800,1
111000,1
226500,1
184800,2
202800,2
250200,2
216900,1
79800,1
63300,1
259100,1
147000,2
424300,1
184200,3
80700,1
462600,1
168600,1
184700,1
357600,18
478100,8
422500,1
173400,1
322600,2
258000,2
344000,2
153600,1
155900,1
467700,1
83400,1
390600,1
454000,1
124100,1
188800,1
187100,1
355200,2
274700,1
102700,1
221700,8
266900,1
45400,3
307100,1
279000,2
230700,2
275100,2
57000,1
58400,1
308100,2
303000,4
352900,1
116700,1
177500,6
233800,1
98200,2
39800,1
11100,1
264200,1
170800,1
88900,1
386000,1
472300,1
168700,1
417300,1
319800,1
75500,2
23800,2
366100,1
46100,1
279300,1
334500,1
218100,3
183700,1
279500,1
204600,2
246500,54
432600,1
281700,2
283800,1
312400,1
127100,1
27700,1
271700,2
396300,1
260100,1
71100,1
197500,1
362800,1
448600,2
237700,4
474600,1
210800,2
317300,8
129700,1
443200,2
318100,1
395100,1
34700,1
433200,7
289500,2
284800,1
362700,1
302600,1
24700,1
73100,2
423400,1
240400,1
124700,2
15000,1
352600,42
310300,1
448700,20
387200,1
270200,1
5500,1
275500,1
248300,1
64000,1
14900,4
238000,2
234100,2
94700,1
248000,1
20200,1
59000,1
427900,1
120400,1
392900,2
19400,4
12500,2
474800,1
20800,1
64700,1
149800,1
133200,1
268200,2
112200,2
459700,2
91300,1
394000,22
58700,1
174300,1
400600,1
297900,2
250900,1
130500,1
298500,1
6900,1
44600,2
305200,1
266200,1
15100,1
443000,2
337400,5
89700,1
17100,2
47000,2
32200,1
89800,2
153500,2
288000,8
386900,1
271100,2
171000,1
68300,1
177900,1
224800,2
253400,1
448200,1
82300,2
23300,1
163900,1
334300,3
99400,2
61600,1
367500,2
445100,1
325300,1
212800,1
231100,1
458400,1
349000,1
356500,4
10600,1
116800,1
192300,2
382900,1
308300,4
245700,1
385400,1
472800,1
208200,1
31700,1
161600,1
236300,1
17900,1
373800,1
371400,1
121900,3
293400,1
415900,2
312200,1
9600,1
19100,1
45300,1
5400,1
488800,2
465800,1
145900,1
5700,2
6600,2
246300,1
362300,1
186300,1
299900,1
73400,1
341000,1
365800,1
41800,2
296300,2
455800,2
102300,2
317200,2
258700,1
362600,1
20400,6
436400,6
38800,2
170000,2
352000,1
399700,1
10800,1
173000,1
164000,1
126800,1
302400,2
216000,1
219800,11
475100,2
69200,2
281100,1
103900,1
312900,1
398300,1
373700,1
315500,1
73600,6
205200,1
6200,3
116000,1
304200,1
66100,1
78300,2
271300,1
431700,1
97000,2
393900,10
64100,1
121400,1
408800,2
333700,2
137500,1
215100,1
244200,23
188900,6
155600,1
265500,1
339100,1
318800,1
318600,1
95500,1
97200,1
114000,1
180300,1
385800,1
280300,1
28200,1
65300,1
468200,1
330700,7
418800,2
335600,1
55400,1
451300,1
133300,2
138100,1
252700,1
330100,2
447400,1
450000,1
125100,2
113500,1
160100,1
366000,1
109300,1
384600,1
396900,5
198800,1
453000,1
212300,1
117400,14
25200,1
44900,2
289800,1
332400,1
166300,2
7500,2
71600,1
232800,2
282400,2
304000,1
171400,1
162000,1
122400,1
297700,4
322000,1
164800,1
151600,2
12100,1
423000,1
406300,1
194300,2
317500,1
445400,7
481300,1
81500,2
410500,3
32600,1
25400,2
123400,1
105900,1
193400,1
277800,1
268300,1
58900,2
365900,2
368900,2
231300,1
285300,1
109900,1
173200,1
99100,2
430000,1
151200,1
270400,1
180400,1
257300,1
278200,1
54400,2
222500,2
118200,1
310700,1
252400,1
165900,11
280500,1
233400,1
295900,1
263600,1
201600,2
138800,1
454200,1
93800,8
331100,4
52800,1
483200,1
290800,2
447000,1
12200,1
248200,1
447700,1
479500,1
4000,1
437800,1
412500,1
394700,1
144400,1
397700,2
23600,1
305800,1
145400,1
294000,1
359600,1
217600,3
69500,6
489200,2
306300,3
428900,1
265300,9
123300,1
249800,2
92000,1
297100,1
276300,1
301200,1
384900,1
321000,1
486600,1
92300,2
176300,1
441100,1
430600,4
206200,2
412800,1
48400,1
271200,1
297300,1
251100,2
383600,2
223700,1
298100,1
191500,1
420200,8
286800,1
125200,1
18200,1
217300,1
400400,1
140600,1
108300,1
451200,1
486900,1
339000,1
458600,1
224100,7
393100,1
371700,1
127800,1
466200,2
369600,1
358700,13
407400,1
28900,2
353700,1
325500,1
338300,1
209600,1
21000,2
370100,2
84300,1
327800,1
486500,2
124300,1
59600,2
100200,2
127700,2
270800,1
446700,1
70800,1
379900,1
389000,2
212100,1
153100,2
393300,1
126900,1
384100,1
427600,1
29100,1
398700,1
266400,1
45100,1
20100,1
41600,4
99000,2
11300,1
417700,4
17600,1
129900,1
111900,1
100100,2
109500,1
477600,1
329400,2
292700,1
112800,1
132300,2
24200,2
278700,2
85100,1
87600,5
447100,1
63200,1
416800,2
458500,2
416300,1
33400,1
266600,1
166600,1
464600,1
309200,1
451800,2
73000,1
191900,1
125800,1
160600,1
38500,2
130600,4
205900,2
319000,1
39400,1
9900,1
89200,1
44800,1
301700,4
421300,2
453100,1
161500,1
59800,1
480000,1
195900,2
307800,2
193300,6
158200,2
344900,2
365100,1
388400,1
198200,1
320200,5
402500,1
81200,1
333200,1
78600,1
200700,1
436100,1
149500,1
483300,2
415700,1
254200,1
349400,1
195100,2
17800,1
329700,2
468700,1
144600,1
35600,1
464700,1
385500,1
265800,28
1000,2
53400,2
145100,1
282600,1
316000,5
117900,5
166100,1
488600,1
201500,1
31500,8
473700,1
259700,5
260800,8
131300,2
419000,4
458100,2
249000,1
274600,1
90200,2
307900,1
296500,1
470400,2
233700,1
265000,1
86700,1
165500,1
136400,1
161700,2
141200,1
346000,2
107700,1
242300,1
3100,1
420800,3
138400,2
199700,1
106400,1
304600,1
444500,1
483500,8
334800,1
107500,2
195300,2
431400,1
120100,1
408400,1
167700,1
320400,1
438400,1
53100,1
106900,1
43100,1
302200,2
9800,1
374400,1
449500,1
61700,1
216700,1
399100,1
329200,4
427000,2
44300,161
154300,2
343500,6
69300,1
132700,1
88000,1
131000,1
349600,1
178200,2
35000,1
109400,2
333100,1
354500,1
147700,1
142300,2
334400,1
456200,1
101900,1
444600,1
273600,1
144700,1
104400,2
