_id,lpa
9200,57970
6400,57970
18500,129283
81100,463490
283300,466377
204100,57970
172600,145013
381600,288097
416700,129283
358300,402012
172900,439341
88400,106805
439200,145013
390700,390700
81800,402012
222600,439313
208700,466377
283600,452437
241200,466377
450100,177494
477800,177494
52400,106805
307400,129283
472200,466377
365700,466377
360900,177494
477100,129283
19800,402012
402600,439313
223400,129283
154200,439313
318200,101865
92100,466377
250100,6301
356800,439313
57800,145013
415800,451092
407900,466377
269000,101865
218700,106805
383200,439313
488900,177494
161300,101865
51700,442980
445500,177494
340600,402012
229700,224780
443500,177494
256200,306798
456800,106805
176500,439313
350400,106805
456500,224780
1500,164848
67200,177494
435400,439313
206600,224780
391800,294859
464500,210571
278400,224780
199000,177494
410600,410600
320300,224780
452600,145013
168200,145013
91500,145013
360800,6301
96600,106805
63100,129283
146400,208479
97700,439313
278500,306798
152700,6301
205700,145013
209900,466377
471200,288097
57300,210571
205400,164848
76200,405349
340500,288097
326500,466377
330200,106805
324900,439341
455700,106805
111200,405349
293600,145013
483000,129283
201400,129283
46800,164848
104600,164848
328500,439341
26900,402012
346100,145013
457300,208479
296800,296800
329100,177494
394600,224780
36200,177494
484200,210571
403600,294859
95900,164848
102900,177494
33600,33600
379200,379200
282500,402012
399500,466377
327700,145013
478700,236620
280700,177494
335800,294859
132800,402012
311100,74470
238300,238300
417900,164848
433800,177494
112300,57970
72200,439341
383300,466377
259600,259600
403400,403400
1800,145013
40100,439341
126600,402012
286000,177494
29600,259415
69900,129283
173800,236620
184300,405349
29000,466377
214000,57970
139100,398406
62300,145013
287800,466377
175300,177494
3700,177494
161200,224780
182300,224780
202600,294859
396700,224780
395800,129283
377800,439341
166400,236620
272400,57970
256400,106805
374300,452437
163100,405349
350100,468947
63000,439341
457400,439313
162200,6301
190900,466377
347700,402012
49200,439341
108400,177494
37500,37500
391300,57970
332600,466377
344300,57970
381400,236620
294100,106805
1300,236620
239800,177494
102500,236620
197400,463490
172400,145013
430700,430700
246800,74470
340000,224780
49500,224780
462900,129283
405600,149862
166700,466377
345700,6301
113200,6301
37600,57970
397400,177494
99800,57970
266800,466377
67900,177494
365300,210571
36700,57970
385900,129283
2200,466377
201700,224780
55300,236620
384700,164848
428700,208479
140700,208479
385200,439313
156700,145013
334200,357773
248500,439313
247100,466377
13400,466377
211400,439313
438200,236620
236100,145013
368500,265047
211800,439341
449000,145013
294200,57970
36500,466377
462200,224780
447900,164848
346400,177494
314800,162314
178500,178500
114100,224780
401200,402012
458300,439313
296700,57970
291900,402012
226800,466377
290400,439341
257100,439341
407700,210571
418000,236620
471900,145013
362400,236620
157100,145293
231400,57970
196500,145013
182800,129283
354300,236620
210000,236620
470000,145013
487300,487300
485000,485000
231000,245677
176600,402012
271500,224780
402000,466377
447600,145013
36900,402012
346700,224780
313200,145013
54800,145013
353100,439341
157300,439341
475600,466377
421600,224780
78400,402012
27100,439313
382300,439341
88500,145013
373300,439313
297800,439341
75000,402012
305700,439313
378700,177494
203500,468947
164600,306798
314200,6301
106200,236620
119800,58017
260000,149862
481500,57970
233500,224780
388300,318184
90500,129283
36800,439313
197200,402012
318700,224780
51100,210571
31900,224780
331500,380087
19000,236620
334600,57970
94100,224780
57600,164848
422800,335227
115100,129283
387400,439313
400900,145013
190000,208479
315600,224780
207600,466377
79300,145013
184000,145013
449700,177494
280800,208479
96300,6301
488400,57970
73800,101865
235500,129283
474300,129283
402400,106805
192400,398406
25000,439341
206300,439313
135300,145013
273100,439313
403900,439341
101300,236620
480900,306798
429900,145013
473500,145013
39200,177494
215300,177494
295300,57970
366600,6301
460500,402012
97800,97800
461000,319482
323600,402012
260500,236620
332300,402012
17400,236620
355300,106805
201900,236620
33900,106805
423900,106805
21300,224780
80400,405349
423300,439313
403300,466377
274900,106805
188300,439341
263100,439313
254500,145013
56000,101865
173600,236620
81700,439313
260400,224780
220500,177494
378500,177494
399800,439341
367600,129283
226400,208479
320000,177494
370800,6301
420700,439313
293900,402012
151800,129283
393400,236620
318900,405349
62500,106805
314000,106805
115800,129283
47900,164848
374100,318184
22600,439341
68700,145013
3400,236620
26700,145013
242700,466377
21600,177494
287600,291965
21700,439313
271000,145293
54500,145013
200000,177494
185200,405349
222400,210571
424100,129283
163200,288097
60400,224780
212500,106805
257700,466377
290500,129283
412300,145013
319600,236620
306100,236620
38100,224780
135600,106805
207300,439341
453200,57970
5100,129283
355100,57970
280900,402012
100400,177494
463900,224780
202400,439341
471700,466377
47400,57970
97900,129283
99700,129283
164700,439341
78500,177494
210300,177494
464000,145013
487700,177494
147800,129283
183200,101865
347500,177494
15600,224780
210100,439313
172500,210571
40500,106805
48100,236620
171600,402012
28400,236620
373400,466377
190200,405349
27200,129283
103100,224780
186000,236620
46200,367822
198700,439313
153700,402012
456300,236620
445000,224780
195700,6301
358400,236620
65800,2110
423600,259415
179200,439341
47100,236620
481900,129283
165300,224780
128000,145013
27900,242201
305400,439341
390800,177494
183400,129283
268400,236620
390100,466377
200300,439341
185600,466377
348600,405349
439800,357773
47700,288097
413200,106805
81900,208479
414200,357773
377200,145013
100600,6301
291400,57970
252200,439313
435200,405349
27500,27500
421800,57970
225100,106805
95600,439341
2300,402012
241400,405349
262400,106805
413400,439341
119000,466377
340900,177494
427400,439313
157000,177494
475800,101865
229500,145013
364800,439313
489600,294859
226600,106805
360400,236620
396400,439341
293500,149862
203000,177494
164100,402012
273200,57970
299000,177494
396100,402012
174400,294859
323200,439313
96900,236620
76800,402012
63700,57970
194600,439313
67000,198405
326100,402012
158600,177494
61300,61300
456900,208479
353800,129283
102200,236620
302000,57970
470100,439313
227300,224780
90300,177494
211200,145013
457700,57970
160700,402012
36300,106805
467000,106805
371100,402012
242600,57970
117800,224780
189200,177494
236600,439313
17000,57970
142900,439313
49700,294859
176900,439313
238600,439313
139600,164848
273400,451092
231200,236620
28100,129283
147600,164848
344200,402012
281300,208479
376700,164848
409200,145013
467200,439313
344400,236620
110400,362596
154700,466377
428000,288097
108100,288097
413600,145013
63500,63500
79900,291965
128700,106805
374500,2110
120500,208479
367000,129283
143100,164848
211300,291965
367200,106805
206800,177494
380700,439341
321800,177494
313700,466377
73500,177494
246900,402012
184600,224780
324600,106805
149100,466377
149300,210571
87500,106805
352400,145293
210900,129283
313400,466377
40300,106805
477500,164848
31000,402012
227700,106805
449400,402012
149200,177494
159100,402012
52900,236620
264500,164848
355800,106805
269600,129283
401000,468947
438700,439341
350800,439341
405000,236620
283900,106805
344800,402012
368400,177494
400000,145013
372900,57970
356100,402012
248700,57970
68900,439341
417800,402012
129600,129283
215700,245677
8400,466377
384500,6301
222100,106805
246100,145013
160500,298268
311900,236620
461700,129283
486700,236620
10200,177494
310200,177494
282800,6301
400300,405349
465400,402012
14400,177494
52300,439341
459600,294859
194800,224780
13300,145013
238900,405349
37700,145013
419200,224780
426100,145013
290600,164848
160900,177494
142000,177494
6500,236620
99200,439313
69600,398406
382800,2110
326700,177494
116400,236620
167000,106805
164300,451092
67700,106805
213400,6301
171200,439341
173700,177494
42200,42200
486400,224780
452500,466377
294600,402012
486100,439313
27400,439313
310900,106805
215400,466377
240900,240900
107900,224780
464800,439313
37200,129283
69000,224780
68800,402012
57500,106805
119900,224780
278000,402012
225700,145013
419900,466377
78100,145013
341600,439313
222000,208479
55200,466377
4300,439341
393800,466377
177100,402012
174600,402012
426600,402012
61100,177494
48600,439341
321200,439313
58100,58100
83300,106805
254700,129283
159300,106805
87000,439313
445200,177494
231800,129283
84100,6301
341800,177494
301000,236620
148200,227788
383400,439341
360500,439341
424000,466377
228900,294859
96800,106805
487800,177494
314500,106805
96400,224780
174900,149862
294300,463490
458800,402012
296900,6301
199200,439313
421000,236620
357500,439341
254800,106805
389700,106805
48300,106805
454100,57970
438000,224780
325600,236620
47500,439313
277100,439313
115300,439313
433300,236620
51600,51600
269300,439313
266300,439341
332100,129283
427500,177494
311600,106805
489000,466377
105200,145013
326400,357773
100000,106805
275600,466377
180800,402012
103400,224780
473300,57970
178700,294859
10900,106805
263200,145013
288100,288100
229300,452437
87900,145013
287900,288097
95000,177494
396600,439313
487400,487400
338800,129283
477900,177494
18700,57970
62400,224780
353200,466377
91000,439313
234600,335227
359100,236620
440400,439341
57200,106805
433700,129283
346200,176173
346300,236620
151400,145013
182900,439341
449600,439313
306000,106805
75400,177494
353500,439341
305500,236620
483900,242201
461100,224780
282700,282700
115400,466377
213700,402012
188700,236620
357200,439313
91800,57970
71900,466377
286500,286500
110600,236620
222700,259415
272200,106805
287000,466377
422300,57970
158500,402012
92500,224780
427300,129283
190600,145013
107400,145013
114500,439313
73700,177494
5000,208479
83800,208479
360300,439313
75200,129283
400800,259415
145500,298268
159500,129283
237600,439313
16200,439341
254400,164848
51800,224780
181100,177494
107100,145013
108500,236620
475500,145013
12900,177494
284900,439313
142700,236620
84500,177494
209700,439341
278900,6301
454500,145013
8100,224780
476400,208479
489400,468947
124600,402012
600,129283
353300,6301
160400,106805
93600,402012
15800,439341
450400,236620
357700,224780
317600,224780
72500,466377
434800,145013
61500,224780
205100,466377
215800,439341
148900,210571
295400,57970
403200,236620
22400,129283
150000,439313
50500,106805
329500,129283
159400,236620
469400,145013
253800,164848
260600,129283
271600,439341
84600,288097
299800,402012
179300,330107
5800,236620
328100,145013
379800,149862
106700,439313
125300,380087
342200,106805
247500,177494
232100,236620
252100,145013
168800,236620
249900,439341
397200,6301
121300,466377
114400,419031
216500,402012
220000,236620
52500,145013
136100,288097
345600,439313
96200,439341
329300,57970
234900,224780
378300,439341
97400,57970
310100,439313
71400,439341
220700,106805
34400,129283
430200,224780
177600,466377
13500,106805
147100,106805
232600,402012
134400,177494
372400,466377
424500,439313
105800,439341
300300,294859
70600,164848
47300,6301
265600,208479
264900,402012
306700,306798
376200,236620
60900,106805
327900,294859
416400,129283
352700,6301
431200,106805
53300,439313
62200,177494
21500,106805
34900,224780
140800,224780
368100,439313
109100,109100
328900,145013
283100,439313
391200,129283
393200,402012
151000,405349
316500,164848
350500,439313
94300,94300
366300,57970
167800,439313
302500,210571
267500,466377
17700,402012
160300,439313
189000,224780
98300,291965
371200,210571
261800,439341
217100,177494
138600,236620
227000,227000
114900,177494
448500,448500
22000,177494
56400,106805
135800,57970
308000,210571
163400,224780
486200,439341
369200,463490
419700,402012
131100,402012
348200,306798
469100,224780
370500,164848
489300,106805
362000,402012
220100,74470
21800,224780
11400,210571
126100,288097
259300,57970
336900,32898
291100,213611
38000,466377
23400,402012
339800,177494
442300,224780
107200,439313
434500,466377
198600,145013
13800,210571
315800,6301
263900,439341
71700,236620
46000,236620
219100,439313
101500,402012
28300,224780
478000,224780
6800,405349
70200,70200
235800,306798
265200,106805
319100,101865
167300,210571
156300,129283
244100,106805
321600,236620
468300,236620
172700,439313
273000,177494
481600,57970
437500,402012
482400,74470
272600,145013
103700,439341
86300,57970
268600,245677
315100,236620
267400,267400
345900,106805
413500,439313
237500,101865
87300,236620
481700,145013
398100,224780
341300,236620
401600,145013
478800,177494
328600,129283
341400,288097
400200,129283
152300,466377
37400,106805
162300,149862
311500,145013
362100,466377
387800,177494
272300,177494
433900,145013
340300,439313
39500,231898
45200,106805
93200,402012
128200,208479
94200,94200
192000,402012
457600,210571
169800,439313
46600,164848
202900,57970
103000,129283
431500,145013
375700,236620
60200,439313
146000,405349
484800,106805
347100,57970
25100,439313
253500,439341
116900,145293
134100,121941
228000,228000
175600,393025
375100,210571
72400,466377
473000,466377
110500,224780
431800,129283
113000,405349
76400,439341
327300,405349
230900,208479
372800,372800
112700,106805
314300,466377
441000,145013
466000,466377
405100,224780
429600,439341
282300,106805
178800,224780
303100,224780
227500,164848
103200,466377
42500,164848
13000,57970
101100,210571
234500,224780
322400,6301
319200,439341
86500,439313
429100,145013
308900,259415
77600,145013
469700,224780
181600,177494
251500,106805
316300,439313
2500,466377
120000,236620
22500,439341
187200,145013
16100,224780
198500,294859
311300,288097
381700,402012
312500,439313
470700,224780
417000,466377
309000,236620
52700,145013
405800,288097
269400,210571
38400,57970
350900,439341
314700,129283
380400,177494
213500,164848
116300,177494
100700,129283
381500,466377
381100,129283
190400,294859
279800,6301
463000,439341
52000,439341
293700,402012
367400,208479
110700,57970
256700,6301
214300,6301
33300,6301
396000,177494
187400,402012
33700,177494
39000,177494
128900,236620
347300,210571
73200,439313
53000,439341
417500,288097
454400,164848
217000,463490
158700,57970
60300,6301
481100,210571
432700,177494
65100,468947
45000,145013
258900,145013
211600,6301
131400,439313
320800,210571
122600,439341
120800,236620
214900,145013
98800,236620
288400,149862
395300,439313
126700,57970
372300,372300
281500,236620
242000,57970
451700,2110
201800,6301
141700,177494
101000,468947
391700,236620
426700,224780
17500,17500
298600,439341
66200,224780
323300,335227
136500,129283
217500,6301
52600,145013
366700,210571
309300,224780
437400,106805
417400,129283
307500,466377
198000,236620
191700,191700
342800,6301
33200,210571
467600,439313
8200,402012
393700,129283
71000,57970
300400,169726
15200,439341
20900,439341
254000,236620
348800,145013
235000,235000
103300,103300
441200,288097
188100,224780
158000,306798
105300,57970
478400,129283
305300,106805
49300,439341
202100,6301
148100,164848
198100,380087
146300,439341
159800,145013
188000,306798
110900,6301
378000,129283
463200,288097
25700,439341
82400,145013
131500,131500
193700,2916
177200,466377
127200,439341
259400,177494
455600,439313
77400,439341
21100,439341
425400,466377
70900,129283
438900,164848
176000,236620
345000,129283
48000,224780
236200,294859
456100,468947
176400,106805
172200,466377
197600,439341
201200,439313
172100,402012
124200,439341
92900,6301
185400,214484
171300,466377
381000,291965
343000,57970
472400,57970
224200,210571
16400,463490
800,106805
332900,236620
28600,318184
337300,210571
290200,106805
174800,466377
385600,402012
363900,363900
76000,224780
342500,402012
154400,106805
214500,439313
322300,439313
403800,224780
104500,439313
115200,208479
298900,439313
29400,463490
255800,402012
178100,439341
28800,2110
208900,439313
399600,330107
234700,224780
186200,106805
419500,164848
276700,402012
347400,101865
182600,164848
22100,380087
145000,466377
195400,145013
387100,405349
318400,6301
267300,236620
224000,224000
66900,402012
307200,294859
249200,439313
142600,198405
206500,129283
230500,57970
98400,402012
60000,177494
57700,439313
475400,321516
359000,145013
305900,177494
402100,6301
367100,57970
253200,106805
477000,402012
375400,439341
186400,177494
388600,145013
140900,402012
42000,402012
32500,402012
351800,129283
165800,129283
56600,6301
444700,439341
359300,278778
252300,106805
52200,224780
358100,466377
180700,224780
132100,439341
466800,210571
437600,402012
459200,259415
422700,439341
133100,402012
83500,129283
445800,466377
12700,106805
341500,236620
251300,439313
479000,439341
311000,177494
487100,466377
401100,145013
343400,6301
383900,101865
443600,145013
257000,439341
448100,224780
53700,145013
200600,208479
336100,145013
328700,405349
308600,294859
249300,439313
95300,106805
223600,57970
247600,106805
223300,439341
130000,106805
481800,236620
291600,224780
287500,57970
139400,306798
202300,129283
484000,402012
243600,106805
407000,106805
7700,106805
179700,106805
353600,466377
245400,402012
384000,402012
319300,164848
407100,57970
23000,177494
92700,439313
437900,402012
230800,106805
324700,306798
97300,97300
243200,106805
367300,129283
61900,439313
23500,149862
459500,210571
284600,164848
414800,414800
282100,177494
316900,177494
438300,164848
24400,224780
299500,145013
133600,208479
394900,394900
439300,106805
204700,57970
463600,466377
358900,402012
409700,439341
354800,439341
303400,177494
285800,210571
235400,466377
388900,439341
189100,236620
321500,208479
245600,439313
82100,57970
188600,145013
85200,106805
90800,224780
71500,466377
121500,210571
155100,155100
462400,439313
163300,57970
470300,380087
271400,210571
478600,208479
85300,439341
17200,106805
310500,466377
67500,439313
64600,402012
140500,236620
141500,210571
377900,224780
86800,57970
378100,145013
369000,439341
182100,236620
342700,224780
55000,466377
94400,145013
296100,466377
394400,6301
338200,106805
68400,101865
388100,388100
30200,6301
108700,208479
471500,57970
366400,129283
280000,439341
238800,439313
330000,145013
389300,129283
81400,129283
365500,439341
136000,439341
221300,402012
196900,466377
306900,294859
414000,210571
330600,57970
72000,439341
197700,129283
473600,402012
105000,466377
192600,210571
182700,224780
468800,236620
257200,236620
268700,439313
130700,466377
478500,224780
238500,145013
50000,224780
221100,57970
404200,129283
400500,208479
221600,439313
478900,57970
213300,164848
428600,177494
245100,145013
375900,145013
481000,129283
398000,145013
111400,439313
203100,439341
126200,402012
123500,466377
216600,278778
317800,6301
243400,129283
180900,129283
258200,288097
226300,294859
140400,439313
126000,106805
374900,405349
23200,454497
134900,242201
363100,224780
455000,236620
410100,439341
366800,6301
76900,145013
107800,145013
487000,106805
358800,402012
189300,236620
276600,210571
324000,224780
20500,466377
212700,210571
275900,129283
429000,57970
459100,129283
348100,145013
205600,224780
104300,236620
1100,439313
42700,106805
289700,129283
110300,439341
215600,236620
326800,236620
21900,6301
251800,164848
234300,6301
416000,2110
30600,164848
119400,129283
335100,439341
409400,402012
279900,224780
138700,129283
50100,402012
267900,57970
270900,177494
408700,227788
351100,466377
256500,224780
323500,224780
325800,164848
231900,101865
55100,335227
356200,164848
441800,439313
21200,106805
226100,129283
240000,224780
377700,129283
339900,466377
400,367822
95700,95700
433000,145013
222200,210571
237400,237400
102800,468947
210500,439341
344100,6301
206000,206000
205000,191620
1200,236620
404800,404800
371600,177494
450200,402012
406000,402012
479600,208479
239900,439341
453900,177494
185800,439313
352500,466377
486000,6301
436300,224780
223500,106805
269900,439341
325700,466377
35300,101865
266500,266500
47600,335227
472900,145013
96500,106805
485600,129283
394800,224780
438500,6301
220400,57970
144300,164848
325200,402012
320600,28676
213800,439313
208500,224780
440100,177494
198400,57970
414700,402012
405400,145013
119600,439341
415400,288097
185000,106805
26300,177494
461900,236620
440000,402012
442600,439313
321100,439341
469200,466377
405200,405200
349900,208479
17300,439341
464300,6301
114200,177494
232200,101865
128500,129283
185500,164848
407500,466377
370000,145013
373600,129283
415500,236620
329900,57970
251900,164848
474500,6301
253100,439313
210700,106805
53500,231898
41300,402012
183900,177494
476000,177494
89600,402012
464200,177494
140200,402012
122500,101865
103600,288097
14300,106805
438100,101865
397300,397300
93300,236620
342400,169726
304800,321516
308500,177494
308700,308700
95200,439341
150200,236620
76500,101865
337100,106805
206700,177494
358200,57970
241000,294859
229900,177494
251700,439341
217700,145013
181300,402012
48800,129283
92400,236620
411400,402012
431300,236620
215000,210571
28500,106805
100800,466377
356600,129283
174700,402012
50300,224780
186500,57970
404700,357773
464400,145013
60700,294859
263000,439313
435700,210571
89400,177494
70500,129283
439900,439313
214400,224780
62100,236620
421900,421900
249600,149862
315700,106805
168500,210571
451600,236620
107300,145013
459300,177494
32300,32300
280200,145013
388800,452437
42600,439313
330900,145013
225600,129283
269800,402012
467100,402012
61000,402012
258500,208479
192800,224780
426800,6301
326900,463490
244400,439313
229400,466377
331200,145013
164900,145013
240600,236620
265100,129283
276400,57970
69800,69800
474100,145013
254900,224780
2000,236620
246700,466377
390000,402012
288600,236620
207200,177494
63900,224780
429200,402012
5200,439313
462700,57970
314900,439341
72100,129283
393500,466377
303500,129283
155400,57970
32100,106805
354400,402012
319400,177494
483400,145013
1600,164848
80100,2110
37000,177494
57900,293281
347000,106805
171500,145013
68600,177494
98500,57970
255900,402012
155000,57970
29300,6301
431900,6301
202200,451092
360000,360000
414400,439313
418400,306798
473100,439313
391000,106805
97600,208479
371500,236620
262100,466377
248600,57970
2100,402012
146800,439341
22900,22900
51500,402012
32400,224780
261900,57970
484700,245677
4400,439313
442000,177494
336400,224780
141600,145013
137400,106805
375300,145013
270500,288097
392200,288097
457200,439341
211900,402012
258400,466377
485400,306798
418300,149862
189600,466377
249700,236620
260700,439341
273300,273300
16500,57970
202500,106805
33800,439313
106600,402012
171100,169726
239400,439313
313900,106805
244800,236620
236800,6301
201100,201100
127000,439313
368800,439313
366900,439341
338600,177494
200500,439313
88200,177494
363200,6301
436700,177494
264600,2110
139900,177494
183300,57970
363800,363800
126400,439313
419100,439313
444100,129283
58800,439341
480300,236620
23900,177494
113100,129283
103500,405349
203800,236620
58500,439313
239600,439313
73900,402012
145800,57970
237800,236620
451400,57970
397600,236620
79500,101865
293800,177494
121700,145013
301500,145013
479100,210571
132000,177494
468500,466377
292400,439313
118400,6301
145600,6301
293200,439313
265700,463490
251400,439341
305600,57970
289300,101865
236900,236620
255400,439341
451100,210571
475900,224780
294700,439341
422900,106805
346800,145013
214800,129283
333300,466377
93100,306798
192900,236620
359800,236620
392100,224780
104900,129283
127500,242201
317000,439313
242100,466377
170700,129283
111700,210571
13600,27887
133400,106805
150800,150800
360600,439313
135000,177494
114800,129283
150600,149862
156000,41254
476500,227788
455200,177494
178300,31099
200100,145013
254600,210571
281000,177494
98100,177494
80600,80600
222900,294859
320100,439313
151700,210571
369300,121941
34600,402012
54900,106805
352300,439313
90100,177494
209100,439313
148800,439313
289400,466377
442800,224780
430500,439313
82700,208479
233900,145013
39300,451092
236000,439313
165700,236620
202700,466377
455300,101865
95800,210571
447200,466377
8000,236620
200,177494
3800,145013
262000,224780
434000,473449
379700,402012
343300,145013
295700,129283
460000,101865
285000,164848
96100,439341
482700,106805
97100,294859
465100,224780
176700,321516
427200,439341
464100,208479
85000,236620
466400,177494
273700,231898
136600,57970
364300,145013
370200,129283
297600,177494
409600,77350
3200,57970
421500,177494
124500,177494
420500,402012
391100,391100
452800,439313
465600,402012
24800,335227
380000,236620
286400,236620
75100,466377
210200,210200
382100,382100
62600,129283
325000,145013
227600,177494
466100,402012
413700,57970
461200,439341
324500,402012
424600,106805
137100,145013
86100,405349
482000,57970
389600,236620
18100,57970
120700,177494
150100,402012
142200,145013
446100,288097
170200,466377
452900,145013
481200,145013
448900,129283
298400,405349
433400,402012
155500,210571
194500,145013
242800,177494
165200,129283
235700,164848
55900,145013
372700,224780
199900,466377
11500,177494
455100,466377
247200,439341
6300,145013
137800,439341
137000,439341
227100,145013
153800,106805
414100,106805
111300,177494
417100,259415
472000,177494
422200,402012
398500,439313
434200,208479
473400,306798
319500,145293
307700,402012
246400,169726
88700,224780
243000,177494
379400,224780
123900,123900
181500,129283
454600,236620
406900,177494
239200,439313
70400,145013
472600,306798
119700,439341
133800,236620
203700,145013
118500,106805
77800,236620
303900,129283
250500,210571
116200,439341
220300,236620
207900,236620
323700,101865
218300,106805
443400,224780
408300,145013
178000,208479
65000,439313
162500,439341
11900,74470
476700,439313
383100,236620
184100,129283
192700,145013
237000,224780
208000,177494
254300,254300
214700,129283
412100,412100
74800,145013
20600,177494
118100,439313
424200,57970
178600,106805
89000,145013
212400,402012
439700,402012
364600,245677
194700,129283
404500,404500
413300,294859
35500,129283
19300,402012
386700,386700
474700,164848
205800,439313
370600,335227
316600,466377
463800,129283
442400,145013
250700,6301
98600,208479
197300,439341
103800,402012
296200,145013
175700,405349
297500,468947
117300,27887
303200,145013
243800,236620
425600,145013
323000,145013
427100,236620
221400,466377
138200,149862
79600,57970
299700,466377
161400,6301
374700,439341
263400,439341
81300,439341
214200,402012
365400,57970
351400,288097
128300,57970
142500,145013
418200,57970
219900,129283
480100,466377
141000,6301
35400,439313
138000,106805
104800,236620
376000,288172
406600,236620
291700,291700
45600,402012
276500,439341
435100,164848
337700,236620
463400,106805
408900,312862
12000,177494
271800,439313
446400,145013
317400,106805
114300,145013
459000,236620
276800,380087
343900,224780
86900,236620
261700,439313
204000,129283
384200,405349
191400,106805
148300,177494
426900,466377
284000,294859
390500,466377
324100,439313
16800,6301
117700,405349
480600,242339
444000,236620
478200,402012
44400,318184
174000,101865
248400,145013
292000,402012
181200,439313
446800,224780
391900,106805
288900,145013
339700,106805
149900,439313
294500,129283
40700,402012
468600,439341
431600,439313
34000,210571
185300,106805
306400,236620
49900,439313
163600,129283
300000,439341
143400,439313
243500,402012
89300,177494
337000,129283
488300,380087
489100,106805
487600,57970
472100,288097
372200,466377
463100,129283
418700,177494
335300,210571
292800,57970
359900,177494
453400,452437
29800,57970
44500,439313
333600,466377
264100,57970
149700,149700
371300,466377
419400,236620
75800,236620
299100,106805
476200,439341
38300,405349
89900,114918
25800,466377
403700,177494
356300,439341
364200,439341
123100,466377
100900,57970
395000,439313
482900,101865
193500,402012
1700,210571
243700,294457
410200,236620
179900,145013
69700,177494
211000,288097
272700,164848
118800,306798
302900,357773
134800,439313
224500,210571
353000,236620
124800,177494
324800,6301
442500,402012
242200,210571
40000,439341
316800,101865
158100,129283
134700,6301
268900,145293
65200,57970
105600,177494
373200,439341
9300,402012
290100,6301
369800,106805
167200,405349
225000,224780
165600,439341
474200,439341
295000,177494
117000,466377
425300,466377
204800,224780
272500,208479
454800,466377
139000,224780
196200,466377
331600,439341
485900,208479
299600,439313
261500,466377
329000,129283
77000,236620
78700,405349
32800,57970
16000,129283
31600,405349
154500,6301
226900,294457
190700,439313
309100,309100
433100,208479
152200,152200
50900,210571
380100,210571
228500,164848
260300,466377
259000,306798
213900,213900
336600,294859
460600,6301
12600,129283
456000,468947
335700,380087
92800,101865
483600,57970
318000,439313
194400,236620
203400,164848
444400,129283
74400,57970
390400,439341
377100,439341
28700,224780
180000,402012
425700,425700
139200,439341
446200,236620
346900,177494
210400,439313
228400,145013
16600,57970
199400,439313
389400,236620
331700,402012
56700,405349
415200,145013
418600,452437
482600,129283
57400,236620
301300,57970
444900,439341
463500,439341
4600,208479
500,402012
389100,466377
15300,439341
392600,236620
160200,224780
133900,106805
129000,101865
89500,439313
306800,439313
305100,439313
84900,294859
31200,439341
372100,402012
2900,57970
453600,439313
168000,129283
248900,106805
380800,145013
375800,375800
110100,57970
148700,101865
124400,439341
212900,294859
274300,402012
454700,439313
278600,466377
900,439313
11700,224780
43500,439341
462500,145013
98700,439341
183600,183600
55600,466377
357000,439341
302800,177494
205300,380087
290700,210571
228800,164848
222300,6301
255000,6301
397900,236620
21400,177494
195600,439313
387000,106805
404400,74470
434400,129283
336800,402012
289600,129283
414300,236620
157200,157200
136900,106805
166800,6301
173100,439313
295500,129283
83600,106805
4700,294859
38200,129283
132400,236620
377500,402012
126300,380087
434300,466377
20000,129283
13900,466377
321300,439313
84800,439341
87400,466377
18400,236620
239000,57970
190500,224780
169200,129283
370700,402012
128100,294859
227200,439341
173300,466377
335400,224780
81000,145013
434600,145013
193800,57970
374800,129283
153200,236620
440700,259415
80000,145013
56800,57970
229800,57970
6700,57970
442700,57970
361800,439341
218000,466377
134600,402012
474900,145013
219600,6301
152600,439313
187900,224780
41400,129283
67600,439341
449200,224780
82600,210571
337200,335227
453300,439341
298000,145013
40400,177494
104700,288097
316400,177494
317100,439341
328400,288097
457800,51582
432300,214484
429400,145293
169300,2110
337600,210571
7400,402012
437300,145013
199100,129283
257600,439341
185700,236620
191800,57970
29500,129283
251000,106805
398800,57970
466700,306798
66300,106805
341900,439313
58000,101865
187300,129283
376500,129283
9400,210571
382500,382500
98000,164848
285600,145013
380500,227788
154100,191620
125700,145013
288500,6301
291500,439313
467900,439341
460400,439341
240500,236620
54700,402012
179100,466377
403000,106805
458000,145013
267600,129283
161900,129283
54100,236620
359400,145013
261300,236620
144000,145013
441700,177494
154000,439313
371000,288097
460900,57970
453700,177494
266100,129283
163000,57970
473900,106805
245500,380087
108900,439313
127300,129283
151100,224780
29200,466377
31100,439341
444200,402012
80900,129283
179000,129283
102600,394691
8800,145013
232400,402012
331300,402012
360200,129283
177300,164848
274000,236620
394200,177494
203300,2110
188200,466377
127400,439313
42300,177494
34800,236620
306200,208479
4200,224780
30700,236620
74300,210571
74500,402012
134300,164848
404100,210571
161000,224780
120600,177494
183000,177494
430300,402012
217800,294859
488100,439341
485700,466377
443700,224780
437100,402012
40800,6301
235600,236620
232300,232300
300500,61910
361000,57970
360700,164172
10500,357773
245300,106805
113800,129283
49600,106805
126500,466377
112000,177494
157800,450298
473800,129283
479400,177494
64900,74470
328000,439341
249100,6301
316700,217529
279600,208479
30900,106805
106500,6301
300900,402012
41700,466377
90600,380087
123200,402012
333800,402012
108200,177494
457900,6301
448400,177494
327200,294859
80200,164848
442900,439313
331400,106805
404300,129283
405500,149862
434100,164848
24500,57970
144100,439313
71800,466377
263700,210571
37900,466377
197000,294859
313300,27887
277500,402012
145200,224780
276100,439341
192100,177494
145700,145013
424900,439313
448300,57970
391500,439341
190800,101865
63400,466377
458900,129283
376400,236620
441300,468947
186100,439313
373500,236620
216100,405349
29700,145013
224400,145013
182000,466377
309500,224780
428300,106805
343600,466377
121200,145013
380200,439341
159900,439313
2400,106805
162700,466377
230200,6301
475200,224780
326200,402012
54200,129283
43000,43000
368300,6301
327400,101865
349700,177494
67400,129283
409300,106805
44000,145013
158800,466377
402200,306798
339600,208479
145300,177494
46700,106805
246200,208479
373900,439313
308800,402012
411900,224780
340100,177494
461600,106805
125500,164848
26600,129283
183500,468947
431000,145013
468100,451092
7800,57970
235200,236620
301600,106805
314600,57970
65900,405349
318500,6235
187600,224780
164500,164500
397800,224780
407600,106805
139500,106805
484900,177494
141400,224780
220800,224780
239700,393025
480700,129283
432200,106805
87100,439313
376800,106805
322800,224780
302100,402012
338900,236620
303800,177494
144500,236620
479700,468947
245000,210504
420300,402012
155800,439341
241500,241500
13100,106805
234200,236620
364000,210571
59300,129283
184500,236620
309600,439313
230100,236620
461800,106805
264400,402012
369400,101865
421100,106805
321700,6301
243300,145013
84400,439341
228300,224780
343700,57970
324200,291965
390300,439341
397000,405349
278800,57970
59200,380087
143200,129283
449900,466377
156200,405349
449800,129283
361100,466377
367800,402012
356400,177494
56300,402012
10100,210571
180200,210571
183800,183800
83100,306798
247700,224780
450600,145013
22300,208479
446500,129283
121800,402012
356900,129839
240100,129283
438600,439341
352200,352200
435800,145013
66700,294859
286600,236620
392000,106805
361300,466377
179400,236620
317700,77350
104000,177494
60100,439341
472500,259415
355000,236620
49800,101865
125900,177494
44200,288097
411600,145013
471000,208479
262300,129283
38600,57970
325900,129283
93900,439341
488500,208479
467400,439341
9100,439313
482800,466377
226700,439341
420400,402012
67100,106805
460200,145013
70000,439341
78800,145013
180100,439341
340700,6301
237200,208479
134500,439313
224300,439313
352800,164848
139300,402012
30400,129283
127600,236620
35900,177494
320900,439341
347800,402012
194900,169726
460700,210571
240300,177494
310000,177494
284700,177494
175800,6301
349300,106805
242400,242400
369500,129283
270000,402012
64800,288097
77200,439313
348900,177494
412400,208479
192200,402012
479800,224780
302300,236620
85900,145013
179800,145013
11000,224780
267100,210571
244500,439313
18000,439341
483700,236620
20300,208479
410800,224780
225800,106805
3500,210571
415000,224780
217200,106805
327100,106805
285200,129283
151300,151300
228200,129283
293000,106805
19200,380087
291300,106805
85800,177494
369700,294859
466500,6301
376600,405349
356000,236620
238200,439313
477300,402012
251600,236620
273800,439313
409000,57970
484100,106805
419300,466377
169000,236620
122000,145013
324300,236620
174500,210571
65400,129283
230600,224780
306500,57970
382000,145013
448800,439341
170300,439341
26400,106805
22200,2110
430900,6301
88600,439341
152800,466377
437000,106805
399300,129283
300700,129283
170100,106805
240800,177494
209200,106805
350200,129283
59900,402012
3000,57970
43800,236620
340400,224780
396200,236620
108600,177494
342900,306798
162100,466377
432800,439313
428400,402012
141100,236620
422600,402012
255300,439313
274200,439313
156900,177494
378600,129283
10400,145013
482300,466377
135100,224780
86000,439341
120900,439313
209500,177494
397500,177494
323400,164848
135200,224780
41000,145013
115000,439313
162900,162900
133500,236620
184900,164848
420600,466377
445900,208479
140100,402012
390900,106805
312600,177494
62000,145013
36600,57970
351300,224780
159200,439341
314400,402012
236700,177494
274400,208479
333900,164848
482500,482500
479900,466377
388500,402012
214600,145013
347600,129283
341200,306798
287200,145013
51400,439313
286100,405349
333000,402012
452200,439341
407300,129283
159000,210571
323900,177494
359200,145013
355600,466377
339200,439313
398400,439313
235300,466377
477400,326635
161100,439313
269100,153176
351200,106805
86400,177494
369100,129283
203200,439313
427700,106805
474400,466377
300100,402012
468400,129283
129400,129283
356700,129283
24000,106805
379100,129283
185100,236620
213200,439313
341700,224780
218900,242201
411200,57970
75300,145013
93400,402012
41100,177494
439000,439313
379000,236620
175500,177494
51900,224780
430800,439313
208600,208600
467300,306798
109800,6301
15400,439313
456700,466377
425200,439313
248800,402012
413900,106805
107600,224780
4900,6301
90400,145013
343100,402012
272800,145013
362900,466377
355400,129283
74700,129283
83900,224780
346600,149862
311700,236620
298300,106805
336000,129283
335000,451092
301100,129283
441500,439341
458700,288097
5300,466377
150500,236620
394500,439341
39700,208479
286200,129283
42900,236620
322500,439341
382700,106805
332500,149862
309900,145013
267700,224780
337900,145013
207700,439341
92600,466377
483800,74470
44100,101865
194100,224780
367900,177494
39100,439341
335200,142849
87700,145013
414600,173268
123700,224780
36400,466377
376900,145013
399000,177494
472700,439341
347200,402012
132900,145013
312800,177494
280400,288097
292300,119269
459900,129283
267200,224780
457100,457100
453500,224780
271900,291965
118000,145013
71300,57970
304900,129283
313600,129283
406100,129283
423200,402012
484600,106805
378200,378200
258300,145013
233100,145013
354600,6301
414900,466377
32900,177494
193200,208479
485200,224780
19700,145013
69100,177494
74100,129283
292200,439341
25900,25900
197100,197100
233300,439313
274100,177494
295600,463490
297200,2110
429700,129283
146900,145013
199500,439313
272000,129283
155700,27887
283500,145013
162400,145013
365000,365000
62700,106805
321400,466377
66400,224780
368600,380087
351600,306798
94800,224780
7900,145013
9700,452437
345300,402012
346500,145013
76700,106805
48700,291965
100,224780
487500,439341
426300,145013
160800,177494
119100,466377
285500,57970
48500,439341
136700,177494
120300,402012
160000,57970
300,224780
112900,145013
450800,145013
168900,145013
31400,145013
10300,452437
78000,439341
204300,452437
247400,208479
247300,224780
412700,224780
96700,402012
68100,236620
317900,208479
111100,439313
336700,169726
324400,106805
218800,57970
303600,164848
75700,439313
398600,439313
7100,439341
431100,466377
193600,236620
430100,402012
219500,306798
465300,242408
129100,177494
270600,236620
143500,236620
101400,145013
230300,145013
41500,224780
61800,224780
425100,145013
377000,177494
117500,405349
226200,74470
148000,288097
432500,193705
94600,294859
72900,57970
281200,177494
257900,177494
20700,236620
72300,288097
456400,236620
62900,439313
130100,439313
277700,380087
190300,466377
466600,177494
71200,439341
380900,439313
366500,439341
1400,466377
261400,106805
395200,164848
84000,402012
63800,6301
276000,224780
380600,145013
435300,224780
433500,145013
311400,164848
345200,106805
288200,129283
340200,402012
32700,288097
227800,224780
390200,145013
399400,224780
46500,145013
112100,112100
43300,57970
100500,439341
232000,466377
150700,145013
112400,466377
196800,466377
249400,439313
405900,106805
275000,275000
407200,208479
113900,145013
399200,439313
261200,439313
284100,236620
141800,129283
432900,214484
199600,224780
449300,439341
479200,439341
140000,177494
232900,129283
148500,402012
16700,224780
30800,402012
409100,439313
195500,236620
66600,294859
123800,6301
181400,6301
26200,106805
147500,294859
213600,236620
106000,439341
470600,236620
364900,466377
107000,129283
262200,106805
27800,106805
358600,236620
219700,466377
113300,439313
200900,439313
2800,210571
292100,77350
135900,439341
136300,164848
259900,402012
342000,224780
428800,177494
168300,466377
14600,129283
331800,466377
179600,236620
404600,210571
266000,439341
204900,439313
297400,297400
51300,145013
247000,145013
292900,292900
330500,224780
399900,439341
417600,402012
265900,129283
277000,177494
401800,294859
186900,236620
170400,57970
232700,145013
348400,129283
392700,236620
485100,177494
45800,208479
469500,224780
264000,210571
247800,402012
130200,130200
175400,57970
153300,466377
173500,173500
172300,402012
279400,224780
231700,463490
50200,27887
143900,302851
421200,177494
182400,466377
354900,402012
67800,177494
253600,402012
254100,210571
59100,224780
95400,177494
109000,129283
426500,466377
207400,145013
384800,224780
40200,164848
122100,129283
33100,439341
88100,402012
99600,439313
233600,106805
277600,177494
130400,224780
309400,106805
363600,236620
406800,324224
99500,439313
115500,439313
18300,106805
177400,57970
82200,236620
72600,236620
437200,164848
94000,402012
216300,466377
156100,405349
398900,405349
327500,402012
323100,259415
49400,466377
360100,236620
34200,129283
230000,106805
447300,145013
14500,177494
153000,145013
129500,101865
202000,157272
163500,164848
139700,224780
304400,208479
241600,145013
105700,224780
408100,145013
43700,402012
420000,177494
386100,164848
362500,466377
16900,224780
111800,439313
24900,466377
331000,129283
298200,129283
304700,466377
11800,177494
209400,259415
167500,106805
138300,236620
434700,402012
31300,177494
113700,129283
204400,106805
197900,197900
274800,106805
231500,224780
368200,466377
700,439313
475300,439341
118900,236620
55800,57970
296400,402012
239300,177494
265400,106805
339300,439313
361700,6301
74600,442980
88800,224780
133000,57970
187700,306798
176800,466377
244700,2110
261600,236620
387900,106805
307300,106805
152100,405349
288300,210571
354100,466377
30100,30100
296000,439341
59400,177494
154600,129283
207100,466377
471600,439341
256600,466377
218200,466377
68200,145013
68000,224780
451900,236620
361500,57970
75600,224780
24300,402012
7600,439313
129300,129300
279200,466377
169600,291965
329600,466377
416500,145013
101200,2110
264700,236620
488700,466377
442100,439341
104200,224780
463300,463300
135500,106805
370400,439313
81600,466377
165000,177494
161800,161800
196400,224780
73300,145013
401300,224780
136200,288097
406200,224780
436500,321516
476800,57970
275400,210571
455900,243910
424700,145013
23100,145013
257400,104247
146600,402012
116600,405349
422100,57970
176100,466377
471300,85693
417200,101865
465700,465700
322200,164848
428200,106805
304100,145013
201300,145013
371900,129283
410700,410700
189700,106805
449100,177494
118600,6301
66800,439313
122800,106805
203600,57970
257500,106805
176200,380087
260900,405349
469900,57970
364500,439313
70300,57970
450700,402012
237900,402012
27300,106805
276200,224780
27000,106805
381800,129283
135400,439341
263800,439313
364100,149862
10000,210571
272900,208479
67300,463490
282900,145013
15700,145013
14200,57970
455400,439341
72700,439313
385000,288097
435000,439341
46900,402012
120200,106805
395500,466377
475700,405349
287100,6301
478300,242408
222800,57970
464900,439341
166900,463490
386400,294859
225900,6301
256800,129283
91700,439313
386300,402012
77100,77100
484400,439341
196700,145013
429300,236620
335900,335900
320500,227788
300800,57970
468900,466377
459800,106805
150300,439341
409900,129283
439400,236620
256300,210571
165400,466377
369900,129283
383700,145013
158400,145013
80500,6301
375000,129283
474000,145013
55500,210571
117100,466377
470900,294859
182200,106805
361400,256962
166500,466377
131800,439313
476300,402012
210600,210600
382200,439341
336500,224780
424400,145013
348700,439313
109600,259415
133700,439313
277900,106805
420900,439313
168100,177494
388700,466377
74900,224780
225400,439341
313800,236620
465900,439313
85700,439341
242900,224780
393000,224780
113600,177494
287300,402012
174100,402012
31800,402012
253700,452437
462300,294859
24600,129283
359500,145013
413000,129283
454900,224780
187000,57970
336300,236620
193100,236620
421400,439341
358500,145013
350700,106805
218600,106805
175200,57970
215900,121941
194200,106805
78900,439341
116100,116100
415100,466377
348300,306798
376300,145013
323800,466377
61400,129283
355700,2110
402900,441805
131900,57970
43900,224780
76300,145013
365200,145013
428100,439341
413100,463490
88300,145013
211100,224780
3900,106805
34300,57970
376100,129283
357400,466377
391400,236620
187500,129283
310400,208479
291000,145013
52100,208479
220600,208479
221900,145013
467500,224780
45700,224780
270100,177494
18600,177494
423500,224780
227400,439313
437700,106805
386600,402012
371800,294859
179500,106805
164400,106805
471400,57970
348500,402012
405300,405300
424800,439341
389900,451092
361900,208479
50400,145013
402700,101865
229600,145013
87800,145013
91600,466377
383000,210571
181800,132005
338000,101865
404900,208479
101800,129283
283200,177494
427800,402012
102000,236620
70100,208479
396500,57970
155300,106805
221200,224780
284500,236620
315400,208479
250000,106805
35200,224780
308200,439313
82000,177494
342600,342600
248100,129283
198900,405349
262500,466377
419800,129283
291200,145013
316200,106805
150400,439313
309800,294859
343200,466377
195800,106805
294800,236620
165100,129283
460100,208479
219200,236620
212600,402012
349500,106805
416900,463490
444300,402012
177800,106805
268800,439313
82800,466377
134200,145013
273900,106805
15500,145013
258100,129283
110200,402012
321900,208479
409800,439313
386500,466377
168400,402012
169700,402012
268100,6301
373000,57970
112600,439313
394100,466377
49000,177494
446600,145013
221800,439341
395400,145013
56500,56500
255200,106805
488000,177494
418100,439341
142400,402012
237100,263158
295100,57970
148600,129283
475000,236620
196100,106805
477700,177494
315200,439313
119200,145013
485500,57970
470500,439341
370900,466377
132500,74470
51200,439341
65700,439313
186700,186700
256000,164848
364400,439341
209000,6301
408000,164848
395700,57970
326600,101865
11200,129283
64500,466377
361600,106805
188400,106805
276900,466377
77900,224780
378900,224780
328300,402012
436200,224780
285700,129283
190100,321516
189900,439313
228100,402012
193900,149862
123000,236620
223200,106805
299200,466377
216200,439313
256100,439313
443800,402012
295200,402012
234800,466377
30300,402012
485800,439341
416100,145013
155200,439313
349200,129283
401400,177494
463700,439313
64200,466377
170500,170500
468000,2110
334900,57970
444800,416619
295800,57970
396800,439341
152000,402012
268500,224780
27600,380087
412600,145013
154800,224780
153400,439341
175900,468947
344700,483530
290900,101865
125600,439341
136800,224780
106100,402012
459400,177494
442200,439341
311800,164848
13700,439341
352100,169726
225300,145013
106300,466377
14800,208479
205500,439313
336200,466377
26100,236620
19900,294859
96000,402012
223000,129283
121600,224780
236500,439313
284200,439341
261000,439313
100300,129283
244900,6301
366200,294859
469800,439313
5600,57970
310800,129283
252900,236620
106800,145013
269500,145013
139800,106805
157900,306798
77300,145013
333400,164848
169100,224780
300200,300200
78200,210571
191300,177494
318300,224780
339500,106805
312700,210571
137600,210571
385300,439313
253300,466377
212200,439341
220200,164848
186600,186600
452300,439341
59500,236620
264800,439313
249500,439313
452100,284537
38900,177494
433600,57970
416600,106805
451500,236620
14100,402012
115600,145013
388000,466377
403100,106805
425900,145013
275200,177494
217400,439313
337500,106805
275800,439341
99300,402012
258600,177494
439500,439341
422000,57970
365600,236620
430400,177494
171700,439341
435500,236620
476100,224780
412900,101865
147200,439313
213100,236620
198300,439341
4500,439313
338500,106805
281900,439313
33500,224780
259200,145013
329800,57970
157600,402012
30500,106805
70700,129283
420100,420100
425800,463490
322100,164848
240700,145013
156500,145013
14000,6301
378400,129283
293100,402012
289900,177494
374200,236620
328200,177494
50800,50800
80300,288097
138500,439313
363700,236620
255100,129283
152500,466377
349800,106805
9500,402012
112500,177494
392800,224780
125000,145013
147900,439341
370300,106805
387600,145013
411500,468947
480200,129283
421700,57970
208400,129283
47200,106805
332000,101865
363000,101865
192500,106805
446300,177494
379500,177494
24100,402012
377600,106805
375500,394353
86200,177494
294900,224780
54600,224780
91100,236620
332800,224780
429500,466377
5900,224780
89100,106805
259500,177494
452400,177494
357300,177494
57100,402012
330400,129283
151500,439341
228700,439341
146200,210571
140300,208479
15900,439313
180500,129283
99900,468947
482100,129283
215500,31099
180600,224780
429800,177494
56100,177494
439100,402012
408500,402012
157500,402012
131700,224780
10700,208479
3300,177494
68500,177494
134000,439313
454300,224780
387700,129283
80800,236620
373100,208479
9000,402012
443900,466377
301900,177494
448000,177494
93500,294859
381300,129283
453800,145013
229000,229000
296600,210571
40600,466377
382600,57970
298700,129283
347900,236620
26500,26500
401700,57970
37800,439341
319900,101865
135700,439341
172800,466377
267000,439313
440500,6301
383800,466377
65600,6235
450300,450300
79400,236620
76100,76100
90700,439313
216400,145013
312300,145013
194000,405349
79700,439313
312100,439313
239500,439313
255700,224780
39600,402012
50700,439341
121000,405349
349100,224780
422400,106805
199300,224780
327600,106805
158900,57970
441400,439341
283000,106805
200200,439313
208300,439313
252600,177494
132200,439341
446900,224780
311200,177494
54000,145013
334700,210571
389200,389200
354200,6301
330300,129283
223900,145013
408200,210571
108800,451092
287700,57970
291800,439313
299400,439313
207800,129283
229200,177494
440600,439341
255500,439313
239100,145013
416200,236620
354000,145013
208800,402012
147300,439341
301800,439313
281800,466377
269200,106805
250400,466377
90000,57970
299300,106805
142100,224780
216800,164848
290000,236620
232500,468947
22800,224780
206400,439313
425000,439341
440200,106805
294400,164848
428500,439341
35100,439341
392500,106805
189400,57970
372500,210571
252500,236620
157700,145013
166000,466377
6000,466377
305000,291965
355900,145013
241100,164848
465200,210571
187800,57970
8700,380087
327000,145013
392400,405349
191000,439341
401900,210571
286900,106805
411800,177494
151900,27887
400700,439341
146700,236620
238400,224780
447800,447800
277300,294457
220900,177494
273500,439313
259800,6235
316100,145013
242500,242500
193000,177494
153900,463490
455500,224780
484500,466377
182500,57970
309700,439313
345500,145013
354700,439313
84700,466377
426200,463490
413800,402012
169500,57970
245800,57970
436600,106805
412000,439341
231600,145013
149600,214484
270700,402012
486300,129283
195200,177494
58200,210571
1900,439313
184400,210571
439600,208479
402300,106805
410900,439341
42100,466377
457500,236620
152900,106805
117200,106805
386800,210571
372600,402012
37300,210571
382400,224780
441900,210571
353900,224780
87200,402012
307000,466377
301400,57970
377300,106805
141300,466377
381200,466377
306600,402012
489800,106805
50600,106805
191100,439341
183100,106805
257800,236620
469300,439341
285900,236620
235900,224780
185900,439341
223800,57970
141900,466377
406700,129283
266700,402012
79000,177494
171900,402012
175100,439341
350600,6301
53600,210571
308400,405349
204500,101865
466900,466900
83200,466377
19600,19600
262800,106805
477200,367822
411700,439313
466300,145013
170600,177494
199800,145013
281400,129283
470200,224780
12300,210571
418500,6301
340800,106805
93000,106805
487900,145013
338100,224780
292500,164848
282000,224780
389500,224780
169900,177494
330800,236620
41900,439341
407800,6301
116500,177494
206900,106805
42400,439341
132600,2110
148400,177494
374000,224780
172000,466377
344500,236620
60500,439341
486800,439341
363500,236620
310600,177494
229100,129283
83000,224780
92200,177494
91900,57970
482200,129283
221000,466377
111600,466377
79100,145013
122200,129283
395900,129283
42800,224780
130900,224780
143000,6301
470800,466377
315300,236620
313500,402012
359700,439313
105100,439341
196600,129283
2600,439341
386200,224780
214100,6301
64300,129283
26800,380087
93700,236620
262900,236620
438800,145013
178900,439313
372000,57970
34100,101865
487200,6301
378800,466377
411100,236620
110000,210571
56200,145013
473200,236620
348000,129283
62800,62800
85600,145013
298800,164848
200400,224780
423800,439341
228600,463490
353400,466377
91200,106805
435600,236620
124900,236620
3600,106805
451000,402012
234000,210571
128400,224780
137200,288097
149000,393025
170900,164848
123600,466377
351500,129283
152400,224780
446000,294859
189800,57970
66500,466377
343800,402012
300600,439313
325400,177494
333500,164848
11600,439341
375200,177494
389800,439313
441600,466377
26000,210571
460800,439313
243100,210571
471100,224780
286700,210571
66000,439313
351000,402012
410400,6301
469600,236620
171800,171800
224600,129283
23700,129283
18900,57970
238700,149862
30000,106805
77500,129283
387300,402012
283400,224780
237300,106805
144200,106805
465500,288097
137300,101865
58300,402012
440900,284254
206100,224780
445300,402012
377400,439341
332200,177494
45500,439313
363400,177494
302700,224780
338400,177494
465000,177494
227900,177494
312000,106805
173900,57970
432100,106805
56900,6301
297000,236620
440300,145013
440800,224780
485300,57970
118700,57970
144900,335227
90900,57970
25300,224780
208100,6301
403500,106805
434900,236620
188500,466377
483100,210571
385700,466377
146500,224780
111500,236620
41200,129283
460300,57970
2700,236620
13200,129283
414500,57970
102100,6301
150900,466377
334100,208479
159700,210571
258800,451092
480500,214484
226000,210571
284300,236620
342300,224780
263500,318184
137900,402012
215200,259415
401500,405349
419600,106805
159600,164848
177700,177700
409500,129283
94900,236620
230400,57970
412200,412200
156400,236620
443100,468947
130300,129283
122700,224780
224700,106805
97500,106805
223100,106805
345400,402012
14700,236620
115900,129283
404000,57970
64400,439313
218500,210571
240200,439313
462800,439313
280100,358301
125400,466377
82900,402012
114600,224780
432400,259415
191600,439341
476600,402012
426000,106805
95100,224780
58600,439341
269700,236620
144800,236620
368700,439313
219300,224780
345100,466377
207500,439313
252800,210571
332700,106805
393600,57970
200800,402012
8500,210571
7300,129283
38700,129283
436800,177494
277200,277200
313100,402012
122300,106805
447500,129283
225200,294859
480400,294859
163800,398406
32000,224780
209800,236620
44700,106805
0,306798
35800,306798
209300,177494
384400,129283
278300,439313
243900,380087
85400,439341
43200,294859
61200,224780
319700,208479
8600,259415
287400,287400
48200,402012
156800,405349
158300,236620
43400,224780
462100,462100
262700,224780
283700,101865
267800,145013
211500,210571
22700,177494
143600,405349
415600,439313
113400,106805
60800,145013
339400,129283
166200,402012
53900,145013
142800,439341
304500,294859
40900,101865
445600,57970
48900,145013
162600,57970
425500,425500
350000,439313
128800,224780
351700,129283
236400,31099
275700,439313
288700,224780
293300,439313
450500,402012
253000,253000
374600,6301
320700,2110
110800,294859
35700,57970
436000,439313
12800,12800
28000,6301
246600,177494
368000,106805
400100,402012
7200,177494
94500,236620
60600,439313
130800,439313
289200,439313
169400,129283
467800,164848
244000,439313
307600,439313
313000,210571
406400,164848
39900,466377
167600,164848
288800,57970
334000,106805
462000,57970
331900,224780
263300,439341
452000,129283
252000,106805
79200,236620
128600,6301
25500,439313
328800,145013
432000,145013
212000,224780
241800,208479
246000,177494
405700,466377
277400,224780
361200,145013
108000,57970
286300,106727
335500,6301
489700,439313
207000,294859
362200,362200
34500,106805
326000,129283
250800,402012
458200,236620
379600,145013
292600,145013
218400,294457
381900,439341
423100,57970
109200,129283
175000,439313
211700,145013
268000,177494
489500,129283
147400,236620
109700,236620
181900,224780
25600,57970
238100,57970
241700,145013
285100,439313
351900,294859
280600,224780
344600,439341
36000,177494
104100,177494
37100,106805
411000,402012
341100,439341
167100,6301
436900,57970
270300,402012
410000,129283
375600,405349
315000,106805
4100,402012
197800,177494
415300,57970
241300,439341
279700,402012
114700,106805
279100,402012
138900,106805
115700,129283
397100,177494
325100,145013
251200,106805
388200,466377
337800,439313
65500,106805
275300,236620
91400,439341
74000,302851
285400,177494
6100,236620
213000,177494
163700,306798
131600,224780
101700,6301
435900,439341
364700,145013
36100,439341
8900,32206
131200,106805
76600,164848
461500,258066
303300,106805
82500,183971
261100,177494
480800,402012
244600,236620
394300,177494
290300,468947
367700,177494
391600,402012
51000,149862
86600,377640
398200,224780
167900,177494
387500,466377
127900,145013
29900,439341
250600,288097
84200,236620
255600,177494
217900,439313
235100,402012
203900,439341
137700,129283
156600,129283
69400,466377
55700,380087
72800,466377
46400,177494
167400,167400
196300,405349
83700,57970
256900,169726
445700,177494
74200,77350
395600,57970
177000,6301
314100,439313
45900,306798
244300,466377
186800,288097
178400,129283
224900,236620
385100,145013
461300,439341
8300,466377
260200,145013
488200,106805
408600,466377
117600,210571
322700,145013
245200,6301
245900,439341
221500,224780
481400,439313
75900,164848
162800,57970
164200,106805
253900,236620
7000,236620
191200,129283
105500,57970
241900,57970
456600,6301
143800,210571
418900,466377
85500,294859
250300,145013
12400,210571
196000,106805
77700,101865
19500,439341
358000,106805
304300,402012
124000,259415
274500,236620
119500,236620
303700,177494
181700,335227
118300,129283
282200,439341
357800,224780
234400,129283
479300,439341
278100,224780
146100,129283
121100,439313
189500,439313
63600,439341
129800,106805
46300,106805
43600,106805
452700,402012
47800,236620
49100,129283
443300,402012
204200,177494
402800,177494
98900,210571
129200,145013
233200,402012
219400,224780
264300,177494
363300,439341
315900,466377
338700,177494
476900,476900
181000,129283
411300,145293
471800,106805
101600,466377
119300,177494
357900,57970
102400,259415
461400,439313
225500,129283
380300,145013
233000,294859
426400,466377
18800,439341
53800,463490
59700,466377
326300,236620
406500,164848
355500,145013
284400,483530
16300,101865
450900,6301
469000,236620
392300,208479
423700,106805
379300,224780
149400,405349
383500,164848
272100,393025
345800,145013
143300,439313
219000,439313
384300,224780
342100,129283
322900,224780
122900,177494
33000,106805
201000,466377
105400,129283
289100,129283
53200,439341
457000,439341
484300,210571
157400,488074
350300,106805
289000,466377
174200,106805
143700,177494
154900,306798
54300,177494
247900,439313
410300,466377
195000,216543
262600,6301
357100,466377
281600,106805
4800,402012
111000,177494
226500,129283
184800,439313
202800,57970
250200,208479
216900,439341
79800,466377
63300,466377
259100,106805
147000,74470
424300,129283
184200,164848
80700,439313
462600,145013
168600,106805
184700,274145
357600,6301
478100,380862
422500,145013
173400,224780
322600,149862
258000,288097
344000,344000
153600,145013
155900,439341
467700,439341
83400,402012
390600,236620
454000,224780
124100,145013
188800,106805
187100,466377
355200,439313
274700,439341
102700,177494
221700,57970
266900,466377
45400,57970
307100,466377
279000,149862
230700,57970
275100,245677
57000,106805
58400,106805
308100,452437
303000,208479
352900,129283
116700,145013
177500,177500
233800,236620
98200,288097
39800,106805
11100,466377
264200,145013
170800,259415
88900,145013
386000,402012
472300,177494
168700,224780
417300,106805
319800,145013
75500,439313
23800,57970
366100,129283
46100,439341
279300,129283
334500,106805
218100,208479
183700,106805
279500,177494
204600,57970
246500,405349
432600,439341
281700,6301
283800,439341
312400,177494
127100,430655
27700,145013
271700,451092
396300,106805
260100,145013
71100,129283
197500,402012
362800,466377
448600,439313
237700,164848
474600,236620
210800,193705
317300,468947
129700,236620
443200,443200
318100,439341
395100,101865
34700,402012
433200,398406
289500,289500
284800,129283
362700,439341
302600,224780
24700,224780
73100,6301
423400,106805
240400,402012
124700,164848
15000,224780
352600,468947
310300,106805
448700,321516
387200,402012
270200,439341
5500,402012
275500,236620
248300,177494
64000,177494
14900,27887
238000,357773
234100,210571
94700,380087
248000,145013
20200,439341
59000,466377
427900,236620
120400,106805
392900,294859
19400,284537
12500,208479
474800,439341
20800,106805
64700,236620
149800,177494
133200,224780
268200,6301
112200,57970
459700,210571
91300,177494
394000,164848
58700,145013
174300,224780
400600,177494
297900,57970
250900,402012
130500,145013
298500,224780
6900,224780
44600,208479
305200,402012
266200,145013
15100,402012
443000,294859
337400,439313
89700,402012
17100,57970
47000,208479
32200,402012
89800,57970
153500,439313
288000,439313
386900,439313
271100,208479
171000,402012
68300,129283
177900,129283
224800,306798
253400,177494
448200,439341
82300,288097
23300,439341
163900,164848
334300,405349
99400,99400
61600,224780
367500,439313
445100,129283
325300,224780
212800,177494
231100,402012
458400,74470
349000,177494
356500,164848
10600,236620
116800,145013
192300,192300
382900,129283
308300,308300
245700,483831
385400,145013
472800,129283
208200,129283
31700,236620
161600,224780
236300,177494
17900,466377
373800,210571
371400,224780
121900,210571
293400,236620
415900,208479
312200,106805
9600,236620
19100,129283
45300,129283
5400,402012
488800,294859
465800,224780
145900,177494
5700,439313
6600,450298
246300,466377
362300,129283
186300,106805
299900,129283
73400,224780
341000,236620
365800,129283
41800,439313
296300,439313
455800,439313
102300,439313
317200,57970
258700,439341
362600,402012
20400,439313
436400,210571
38800,439313
170000,6301
352000,129283
399700,466377
10800,466377
173000,439341
164000,402012
126800,439341
302400,367822
216000,224780
219800,219800
475100,306798
69200,69200
281100,177494
103900,402012
312900,466377
398300,145013
373700,373700
315500,106805
73600,164848
205200,224780
6200,468947
116000,402012
304200,145013
66100,106805
78300,6301
271300,236620
431700,106805
97000,57970
393900,259415
64100,129283
121400,402012
408800,149862
333700,210571
137500,106805
215100,224780
244200,244200
188900,468947
155600,177494
265500,177494
339100,57970
318800,129283
318600,466377
95500,466377
97200,145013
114000,106805
180300,106805
385800,224780
280300,164848
28200,145013
65300,463490
468200,129283
330700,57970
418800,418800
335600,466377
55400,224780
451300,466377
133300,405349
138100,402012
252700,177494
330100,306798
447400,224780
450000,439341
125100,439313
113500,106805
160100,224780
366000,145013
109300,145013
384600,236620
396900,57970
198800,101865
453000,402012
212300,236620
117400,121941
25200,439341
44900,367822
289800,224780
332400,145013
166300,439313
7500,6301
71600,224780
232800,57970
282400,282400
304000,145013
171400,145013
162000,463490
122400,466377
297700,439313
322000,129283
164800,129283
151600,57970
12100,236620
423000,466377
406300,224780
194300,439313
317500,402012
445400,208479
481300,106805
81500,439313
410500,6301
32600,466377
25400,57970
123400,402012
105900,177494
193400,236620
277800,439341
268300,129283
58900,288097
365900,164848
368900,288097
231300,439341
285300,439341
109900,177494
173200,236620
99100,57970
430000,6301
151200,145013
270400,439341
180400,224780
257300,145013
278200,177494
54400,439313
222500,208479
118200,402012
310700,177494
252400,439341
165900,57970
280500,177494
233400,439341
295900,439313
263600,224780
201600,439313
138800,236620
454200,145013
93800,210571
331100,294859
52800,106805
483200,177494
290800,210571
447000,402012
12200,236620
248200,466377
447700,145013
479500,236620
4000,177494
437800,210571
412500,466377
394700,236620
144400,106805
397700,6301
23600,463490
305800,402012
145400,236620
294000,224780
359600,236620
217600,217600
69500,69500
489200,288097
306300,306300
428900,106805
265300,227788
123300,224780
249800,77350
92000,177494
297100,129283
276300,402012
301200,106805
384900,236620
321000,177494
486600,177494
92300,439313
176300,402012
441100,224780
430600,405349
206200,439313
412800,129283
48400,236620
271200,236620
297300,145013
251100,210571
383600,294859
223700,106805
298100,145013
191500,402012
420200,420200
286800,224780
125200,236620
18200,439341
217300,145013
400400,430655
140600,439341
108300,129283
451200,466377
486900,106805
339000,177494
458600,106805
224100,210571
393100,129283
371700,177494
127800,224780
466200,294859
369600,32206
358700,210571
407400,208479
28900,57970
353700,402012
325500,439341
338300,402012
209600,224780
21000,208479
370100,57970
84300,236620
327800,402012
486500,439313
124300,106805
59600,439313
100200,439313
127700,439313
270800,236620
446700,402012
70800,145013
379900,210571
389000,288097
212100,129283
153100,439313
393300,402012
126900,236620
384100,177494
427600,463490
29100,463490
398700,439341
266400,129283
45100,402012
20100,466377
41600,57970
99000,439313
11300,402012
417700,208479
17600,129283
129900,145013
111900,129283
100100,259415
109500,466377
477600,145013
329400,57970
292700,466377
112800,224780
132300,6301
24200,208479
278700,6301
85100,106805
87600,6301
447100,466377
63200,439341
416800,439313
458500,468947
416300,129283
33400,402012
266600,466377
166600,402012
464600,402012
309200,439313
451800,210571
73000,101865
191900,402012
125800,145013
160600,463490
38500,74470
130600,210571
205900,294859
319000,402012
39400,439341
9900,101865
89200,224780
44800,177494
301700,57970
421300,294859
453100,106805
161500,145013
59800,236620
480000,145013
195900,330107
307800,307800
193300,405349
158200,439313
344900,439313
365100,106805
388400,466377
198200,402012
320200,210571
402500,236620
81200,466377
333200,439341
78600,466377
200700,129283
436100,236620
149500,145013
483300,439313
415700,106805
254200,402012
349400,439341
195100,210571
17800,106805
329700,57970
468700,439341
144600,106805
35600,439341
464700,106805
385500,106805
265800,265800
1000,439313
53400,210571
145100,106805
282600,145013
316000,242201
117900,101865
166100,129283
488600,224780
201500,177494
31500,6301
473700,106805
259700,6301
260800,260800
131300,208479
419000,6301
458100,149862
249000,236620
274600,145013
90200,451092
307900,129283
296500,466377
470400,439313
233700,224780
265000,177494
86700,145013
165500,164848
136400,236620
161700,57970
141200,106805
346000,439313
107700,224780
242300,129283
3100,439341
420800,57970
138400,57970
199700,129283
106400,224780
304600,439341
444500,224780
483500,294859
334800,463490
107500,259415
195300,57970
431400,106805
120100,402012
408400,236620
167700,106805
320400,236620
438400,466377
53100,145013
106900,177494
43100,224780
302200,242201
9800,177494
374400,210571
449500,402012
61700,466377
216700,129283
399100,439341
329200,439313
427000,427000
44300,377640
154300,442980
343500,452437
69300,439313
132700,129283
88000,129283
131000,129283
349600,236620
178200,2110
35000,106805
109400,306798
333100,439341
354500,177494
147700,177494
142300,57970
334400,177494
456200,439341
101900,224780
444600,129283
273600,224780
144700,177494
104400,468947
